CaseNum,CaseName,KCC,"Architecture/PV
(kW)",Architecture/G1500,"Architecture/GenLarge
(kW)",Architecture/1kWh LI,"Cost/COE
($)",GenMin
Case1,Anchorage,dfc,67432.44130367627,28.0,,238148,0.4372389614582062,
Case1,Ashland,dfb,39799.095877151776,19.0,,83635,0.20799139142036438,
Case1,AtlantaGA,cfa,92802.98081458792,3.0,,121958,0.2526273727416992,
Case1,BangorME,dfb,62211.32412545244,20.0,,143357,0.30163973569869995,
Case1,BendOre,bsk,40050.377084811385,23.0,,93120,0.23331883549690247,
Case1,BentonCountyOregon,csb,76800.8,13.0,,136289,0.2857232093811035,
Case1,BirminghamAL,cfa,76800.8,3.0,,158615,0.2712337374687195,
Case1,BismarckND,dfb,20116.32911212833,11.0,,85380,0.155404731631279,
Case1,BlaineCountyMontana,bsk,16743.96783032557,10.0,,100934,0.16372303664684296,
Case1,BoiseID,bsk,71676.92109788267,10.0,,114577,0.2454289346933365,
Case1,BrewsterMA,dfb,26021.98213582946,12.0,,76800,0.15748262405395508,
Case1,BurlingtonVT,dfa,65693.9338541225,15.0,,176855,0.3219921290874481,
Case1,Buttonwillow,bwk,59102.87180215292,6.0,,191375,0.2950366139411926,
Case1,CarsonCityNV,bsk,77638.13422621712,15.0,,140462,0.29866161942481995,
Case1,CheyenneWY,bsk,32997.82207787779,7.0,,67025,0.13694828748703003,
Case1,Chicago,dfa,49820.900323826754,13.0,,70975,0.18440859019756317,
Case1,CoalvilleUT,dfb,65682.56566082778,11.0,,124184,0.2518736720085144,
Case1,ColumbiaMO,cfa,61157.88981996177,13.0,,81773,0.2096056342124939,
Case1,ColumbusOH,dfa,71615.77727956984,17.0,,82682,0.23851513862609863,
Case1,CrestedButteCO,dfc,87612.14200422105,6.0,,93894,0.22829432785511017,
Case1,DesMoinesIA,dfa,22763.89290624076,12.0,,84790,0.16182076930999756,
Case1,DetroitMI,dfa,41326.45377808058,13.0,,73413,0.1765219271183014,
Case1,EielsonAFB,dfc,50375.82154791907,30.0,,215543,0.4002370834350586,
Case1,Everglades,am,63326.11602300482,17.0,,76386,0.2217574268579483,
Case1,Flagstaff,dsb,56799.87842448105,13.0,,82794,0.20531904697418213,
Case1,GreatFallsMT,bsk,27633.209991984004,15.0,,74854,0.16876374185085297,
Case1,Hilo,af,49391.88199272437,14.0,,88213,0.20565414428710938,
Case1,IdahoFalls,dfb,33044.895676912754,12.0,,131497,0.22320665419101715,
Case1,JacksonMS,cfa,78584.00891505886,5.0,,142642,0.2643159031867981,
Case1,Kauai,cfb,22934.989276626635,9.0,,84794,0.15069855749607086,
Case1,KootenaiCountyID,dsb,100847.24323296623,20.0,,131487,0.33669623732566833,
Case1,LancasterPA,dfa,85421.259389123,14.0,,112519,0.2752790153026581,
Case1,LaredoTX,bsh,36625.93800314363,8.0,,95471,0.1748788058757782,
Case1,LincolnNE,dfa,22983.93861421821,10.0,,86389,0.15620191395282745,
Case1,LittleRockAR,cfa,58508.952531807925,13.0,,116934,0.2430553138256073,
Case1,Longview,csb,50423.29961663665,21.0,,207550,0.3579486906528473,
Case1,LosAlamosNM,dfb,71351.03461642875,7.0,,83934,0.20170506834983826,
Case1,MarlintonWV,cfb,86431.94759541642,8.0,,111794,0.2530876398086548,
Case1,MedfordOR,csa,117463.82951804077,3.0,,192039,0.356057733297348,
Case1,MemphisTN,cfa,44937.97060425853,16.0,,76953,0.19598692655563354,
Case1,Miami,af,33619.43390200471,4.0,,78899,0.1387687772512436,
Case1,MobileAL,cfa,81020.0056673152,3.0,,137457,0.25433436036109924,
Case1,MoscowID,csb,55114.47646892597,15.0,,130248,0.2603248357772827,
Case1,NOLA,cfa,61518.352603517924,18.0,,79039,0.22608943283557892,
Case1,NeahBay,cfb,80687.99773978288,13.0,,85525,0.23750808835029602,
Case1,OKCity,cfa,20893.513100104938,10.0,,89694,0.1570841670036316,
Case1,ORNL,cfa,77480.49237011586,3.0,,182169,0.29666370153427124,
Case1,PhoenixAZ,bwh,54576.89082001804,7.0,,75375,0.1721649169921875,
Case1,PrescottAZ,csa,43471.769417007614,14.0,,78866,0.1886288970708847,
Case1,Pueblo,bsk,44066.834628734854,12.0,,82447,0.18553835153579712,
Case1,RaleighNC,cfa,83822.57402832249,14.0,,85656,0.24527430534362793,
Case1,RapidCitySD,bsk,20468.393610182906,13.0,,92764,0.171106219291687,
Case1,ReddingCA,csa,87563.98856731632,7.0,,143649,0.2839488685131073,
Case1,RichmondVA,cfa,72013.86659385964,8.0,,149104,0.2743297219276428,
Case1,Sacramento,csa,51099.40696252187,10.0,,137812,0.2444128394126892,
Case1,SouthBendIN,dfa,37525.661711749104,13.0,,71973,0.1703510731458664,
Case1,Syracuse,dfb,74570.09523903266,13.0,,76794,0.22087785601615906,
Case1,TexasOil,bsh,24136.965264658003,8.0,,72194,0.1352395862340927,
Case1,UPMich,dfb,49409.500806554795,13.0,,71854,0.18482233583927155,
Case1,VegasNV,bwh,38677.91632339562,10.0,,80823,0.16966669261455536,
Case1,WadenaMN,dfa,21823.9569490739,11.0,,82457,0.15444998443126678,
Case1,YumaAZ,bwh,41677.967472558834,7.0,,82280,0.16353511810302734,
Case10,Anchorage,dfc,21000.218749999996,,4000,27500,0.3034750521183014,
Case10,AtlantaGA,cfa,92224.33245242311,3.0,,122493,0.2524763345718384,
Case10,BangorME,dfb,39875.82649815466,8.0,3000,33089,0.2722817361354828,
Case10,BendOre,bsk,37972.540258497145,22.0,,99203,0.23333890736103058,
Case10,BentonCountyOregon,csb,37638.58958859328,4.0,3000.0,43639,0.27018439769744873,
Case10,BirminghamAL,cfa,81086.21035115444,3.0,1000.0,92377,0.2688167989253998,
Case10,BoiseID,bsk,47592.24521298333,10.0,1000.0,83617,0.24230904877185822,
Case10,BurlingtonVT,dfa,43733.75478072039,7.0,3000,48536,0.2839079797267914,
Case10,Buttonwillow,bwk,24022.251707158608,1.0,3000,36320,0.24599748849868774,
Case10,CarsonCityNV,bsk,34940.34633953997,2.0,3000,37622,0.26179802417755127,
Case10,CoalvilleUT,dfb,22601.17900000708,4.0,3000.0,36476,0.24861237406730652,
Case10,ColumbusOH,dfa,75443.59652092215,15.0,,85470,0.2385672926902771,
Case10,EielsonAFB,dfc,20408.681417921885,5.0,4000,20085,0.30393186211586,
Case10,IdahoFalls,dfb,19985.81784704875,13.0,1000.0,88478,0.22241276502609253,
Case10,JacksonMS,cfa,73644.89087846155,3.0,1000.0,93051,0.260284960269928,
Case10,KootenaiCountyID,dsb,41007.64764676112,3.0,3000,45965,0.27590906620025635,
Case10,LancasterPA,dfa,88748.91183585831,9.0,1000.0,70165,0.2740347683429718,
Case10,LittleRockAR,cfa,60769.21666575652,13.0,,113941,0.24270856380462646,
Case10,Longview,csb,49932.66640195329,2.0,3000,51496,0.2902269661426544,
Case10,MedfordOR,csa,35084.121947426174,2.0,3000,43780,0.2667776644229889,
Case10,MobileAL,cfa,81161.82104199982,3.0,,137341,0.254387229681015,
Case10,MoscowID,csb,60985.404470617395,14.0,,126057,0.25939780473709106,
Case10,ORNL,cfa,42838.37526231943,1.0,3000,47948,0.2707642912864685,
Case10,RaleighNC,cfa,84201.84260387236,14.0,,85477,0.24555233120918274,
Case10,ReddingCA,csa,30002.871826371294,3.0,3000,34910,0.25748977065086365,
Case10,RichmondVA,cfa,80642.62951422686,7.0,1000.0,74459,0.26277363300323486,
Case10,Sacramento,csa,26062.29616602301,9.0,2000.0,55743,0.237752303481102,
Case11,Anchorage,dfc,21000.218749999996,,4000,27500,0.3199124336242676,
Case11,BangorME,dfb,39878.57092764793,8.0,3000.0,33092,0.2846129238605499,
Case11,BentonCountyOregon,csb,46941.952401019116,12.0,1000.0,104747,0.27540865540504456,
Case11,BurlingtonVT,dfa,40451.02628177183,8.0,3000,49416,0.29623648524284363,
Case11,Buttonwillow,bwk,23931.513127256792,1.0,3000,35661,0.258073627948761,
Case11,CarsonCityNV,bsk,35240.80306047597,3.0,3000,30947,0.274111807346344,
Case11,CoalvilleUT,dfb,69227.59019917452,11.0,,120000,0.25186359882354736,
Case11,EielsonAFB,dfc,18346.203191253793,6.0,4000,18966,0.31959185004234314,
Case11,KootenaiCountyID,dsb,43842.579085047146,4.0,3000,40767,0.2903488576412201,
Case11,Longview,csb,49825.70441354471,2.0,3000,52107,0.30281201004981995,
Case11,MedfordOR,csa,35084.121947426174,2.0,3000,43780,0.2791057527065277,
Case11,ORNL,cfa,76102.88478637744,7.0,1000,87667,0.2760211229324341,
Case11,ReddingCA,csa,27066.532117678948,4.0,3000,37787,0.270464688539505,
Case11,Sacramento,csa,36576.91082833384,7.0,1000.0,104001,0.2441478669643402,
Case12,Anchorage,dfc,21000.218749999996,,4000,27500,0.33634981513023376,
Case12,BangorME,dfb,67055.15673319659,10.0,1000.0,100744,0.29144710302352905,
Case12,BurlingtonVT,dfa,65659.70114912342,9.0,1000.0,118796,0.30585625767707825,
Case12,Buttonwillow,bwk,23703.483441006687,1.0,3000,36305,0.27037039399147034,
Case12,CarsonCityNV,bsk,42964.383095363235,10.0,1000.0,122014,0.2860739529132843,
Case12,EielsonAFB,dfc,20403.969579863347,5.0,4000,19146,0.3364596366882324,
Case12,KootenaiCountyID,dsb,35924.775710596434,4.0,3000,49321,0.30041366815567017,
Case12,Longview,csb,50662.85130916014,2.0,3000,51239,0.3154604434967041,
Case12,MedfordOR,csa,34226.29273827486,2.0,3000,44144,0.2909002900123596,
Case12,ReddingCA,csa,73541.27713618104,6.0,1000.0,94546,0.2812459170818329,
Case13,Anchorage,dfc,21000.218749999996,,4000,27500,0.35278719663619995,
Case13,Buttonwillow,bwk,50905.562439714806,8.0,1000.0,108359,0.2791227698326111,
Case13,EielsonAFB,dfc,35558.647264156985,12.0,3000,67994,0.3500697910785675,
Case13,KootenaiCountyID,dsb,33919.15025258257,5.0,3000.0,50919,0.3146064877510071,
Case13,Longview,csb,49615.1846780766,2.0,3000,52329,0.3273772597312927,
Case13,MedfordOR,csa,34682.466601503394,2.0,3000,43910,0.30342400074005127,
Case14,Anchorage,dfc,50903.998219686604,9.0,3000,63695,0.38186368346214294,
Case14,EielsonAFB,dfc,60775.8719440001,18.0,2000,78769,0.37444084882736206,
Case14,KootenaiCountyID,dsb,104989.69117771536,19.0,,130560,0.33703935146331787,
Case14,Longview,csb,49551.44750158242,17.0,1000.0,129539,0.33992159366607666,
Case14,MedfordOR,csa,35556.38192244299,2.0,3000.0,44034,0.3290824890136719,
Case15,Anchorage,dfc,53601.13011587969,10.0,3000,59251,0.3954731225967407,
Case15,EielsonAFB,dfc,56536.134598889665,18.0,2000.0,83644,0.38263648748397827,
Case15,MedfordOR,csa,35556.38192244299,2.0,3000.0,44034,0.34141045808792114,
Case16,Anchorage,dfc,60605.00746699544,16.0,2000.0,99118,0.41704845428466797,
Case16,EielsonAFB,dfc,55498.493447440196,18.0,1000.0,161100,0.39391934871673584,
Case16,MedfordOR,csa,116738.95007120816,4.0,,188467,0.3552302122116089,
Case2,AZYuma,bwh,8400.087499999998,,5000,1500.0,0.06450290232896805,
Case2,Anchorage,dfc,7393.652503985098,,5000,1107.0,0.07199356704950333,
Case2,Ashland,dfb,8022.451718777725,,5000,1530.0,0.0693754106760025,
Case2,AtlantaGA,cfa,8500.088541666666,,5000,1875.0,0.06861738860607147,
Case2,BangorME,dfb,8286.203947348708,,5000,1641.0,0.07008810341358185,
Case2,BendOre,bsk,8400.087499999998,,5000,1875.0,0.06736060976982117,
Case2,BentonCountyOregon,csb,8400.0875,,5000,1875.0,0.06934403628110886,
Case2,BirminghamAL,cfa,8313.747893059424,,5000,1684.0,0.06883016228675842,
Case2,BismarckND,dfb,7127.770817669906,3.0,4000,5280.0,0.06319914013147354,
Case2,BlaineCountyMontana,bsk,7361.598485966009,3.0,4000,6494.0,0.06470607221126556,
Case2,BoiseID,bsk,8099.634116316042,,5000,1629.0,0.06681349128484726,
Case2,BrewsterMA,dfb,7563.63589492384,4.0,4000,7758.0,0.0665161982178688,
Case2,BurlingtonVT,dfa,7541.374803671024,,5000,1616.0,0.07022267580032349,
Case2,Buttonwillow,bwk,8240.2120220717,,5000,1396.0,0.06610720604658127,
Case2,CarsonCityNV,bsk,8084.768421513101,,5000,1294.0,0.06821519136428833,
Case2,CheyenneWY,bsk,8400.0875,,5000,1875.0,0.06666853278875351,
Case2,Chicago,dfa,239.55636487411599,4.0,5000,1616.0,0.07027895003557205,
Case2,CoalvilleUT,dfb,7886.411042701913,,5000,1616.0,0.06634292751550674,
Case2,ColumbiaMO,cfa,8492.156078905866,,5000,1753.0,0.0680604875087738,
Case2,ColumbusOH,dfa,8250.0859375,,5000,1687.0,0.0701032355427742,
Case2,CrestedButteCO,dfc,8100.084375000001,,5000,1500.0,0.06611892580986023,
Case2,DesMoinesIA,dfa,8138.53881963667,3.0,4000,6836.0,0.06590651720762253,
Case2,DetroitMI,dfa,7950.082812500001,,5000,1688.0,0.0702371597290039,
Case2,EielsonAFB,dfc,7176.323605763416,,5000,1383.0,0.07185618579387665,
Case2,Everglades,am,8767.46975052148,,5000,1808.0,0.0679624080657959,
Case2,Flagstaff,dsb,8353.426672699252,,5000,1769.0,0.06522104144096375,
Case2,GreatFallsMT,bsk,8343.20823079042,,5000,1671.0,0.0682511255145073,
Case2,Hilo,af,7530.552353983269,,5000,1306.0,0.07077038288116455,
Case2,IdahoFalls,dfb,8380.597601205029,,5000,1674.0,0.06786353886127472,
Case2,JacksonMS,cfa,8331.322217064257,,5000,1688.0,0.06874757260084152,
Case2,Kauai,cfb,7796.103040454348,3.0,4000,4710.0,0.06258159875869751,
Case2,KootenaiCountyID,dsb,8250.0859375,,5000,1687.0,0.06882287561893463,
Case2,LancasterPA,dfa,8262.14746664839,,5000,1578.0,0.06982646882534027,
Case2,LaredoTX,bsh,6894.075437221146,3.0,4000,6995.0,0.06604859232902527,
Case2,LincolnNE,dfa,6904.735400907691,3.0,4000,6096.0,0.0638030618429184,
Case2,LittleRockAR,cfa,8296.74295417049,,5000,1725.0,0.06853893399238586,
Case2,Longview,csb,7922.463941959899,,5000,1781.0,0.07085159420967102,
Case2,LosAlamosNM,dfb,8296.74295417049,,5000,1725.0,0.06559339910745621,
Case2,MarlintonWV,cfb,7639.6419065041555,,5000,1578.0,0.06999862939119339,
Case2,MedfordOR,csa,8183.429249796184,,5000,1562.0,0.0681808590888977,
Case2,MemphisTN,cfa,8201.204303291239,,5000,1700.0,0.06866041570901871,
Case2,Miami,af,8005.502923724461,,5000,1180.0,0.0635196641087532,
Case2,MobileAL,cfa,8518.416926467522,,5000,1769.0,0.06858349591493607,
Case2,MoscowID,csb,8181.451022001697,,5000,1758.0,0.06867573410272598,
Case2,NOLA,cfa,8570.521121432284,,5000,1767.0,0.06906533241271973,
Case2,NeahBay,cfb,7144.754522283372,,5000,1321.0,0.07215417176485062,
Case2,OKCity,cfa,7456.850337084439,3.0,4000,6039.0,0.06413080543279648,
Case2,ORNL,cfa,8400.087500000001,,5000,1500.0,0.06852997094392776,
Case2,PhoenixAZ,bwh,8400.087499999998,,5000,1500.0,0.06460385024547577,
Case2,PrescottAZ,csa,8164.946707077324,,5000,1474.0,0.06440012902021408,
Case2,Pueblo,bsk,8404.314524654557,,5000,1889.0,0.06590816378593445,
Case2,RaleighNC,cfa,8296.74295417049,,5000,1725.0,0.0678926408290863,
Case2,RapidCitySD,bsk,8250.0859375,,5000,1688.0,0.06749504059553146,
Case2,ReddingCA,csa,8429.17293095298,,5000,1717.0,0.06638521701097488,
Case2,RichmondVA,cfa,8307.58790644202,,5000,1781.0,0.06871224194765091,
Case2,Sacramento,csa,8465.875645324119,,5000,1764.0,0.06608221679925919,
Case2,SouthBendIN,dfa,8400.087500000001,,5000,1500.0,0.06951846182346344,
Case2,Syracuse,dfb,7971.917414941406,,5000,1866.0,0.07064976543188095,
Case2,TexasOil,bsh,7628.547717341306,3.0,4000,5157.0,0.06258177012205124,
Case2,UPMich,dfb,7648.659966427,,5000,1164.0,0.07150192558765411,
Case2,VegasNV,bwh,8000.083333333334,,5000,1250.0,0.0638846829533577,
Case2,WadenaMN,dfa,8302.713845528071,3.0,4000,5411.0,0.06425096839666367,
Case25,AZYuma,bwh,10315.821714642287,1.0,4000,12721.0,0.09230685979127884,
Case25,Anchorage,dfc,8677.73753338102,,5000,2116.0,0.10476668924093246,
Case25,Ashland,dfb,13937.417181844205,4.0,4000,10754.0,0.10024154931306839,
Case25,AtlantaGA,cfa,9300.096875,,5000,1875.0,0.09938251972198486,
Case25,BangorME,dfb,9272.785004429948,,5000,2163.0,0.10162550956010818,
Case25,BendOre,bsk,13283.263322038016,,4000,12910.0,0.09459617733955383,
Case25,BentonCountyOregon,csb,8793.196280152988,,5000,1954.0,0.10054230690002441,
Case25,BirminghamAL,cfa,9514.00824604433,,5000,2033.0,0.09969519823789597,
Case25,BismarckND,dfb,6785.201162530388,3.0,4000,6255,0.08318635076284409,
Case25,BlaineCountyMontana,bsk,8067.984473948575,3.0,4000,6159,0.08387453109025955,
Case25,BoiseID,bsk,11947.281797044252,,4000,13082.0,0.09314043819904327,
Case25,BrewsterMA,dfb,8963.632841941366,4.0,4000,7702,0.0852743536233902,
Case25,BurlingtonVT,dfa,9324.214686379592,,5000,1829.0,0.10174763947725296,
Case25,Buttonwillow,bwk,11000.11458333333,,4000,13750.0,0.09223968535661697,
Case25,CarsonCityNV,bsk,13227.316936526297,,4000,14719.0,0.09726567566394806,
Case25,CheyenneWY,bsk,10364.175057872046,3.0,4000,8878,0.0862114354968071,
Case25,Chicago,dfa,9344.078827513265,5.0,4000,10119,0.09344033151865005,
Case25,CoalvilleUT,dfb,13136.76403444714,,4000,12110.0,0.09265974909067154,
Case25,ColumbiaMO,cfa,9275.731249848655,,5000,2085.0,0.09870810061693192,
Case25,ColumbusOH,dfa,9300.096875,,5000,1875.0,0.10153140872716904,
Case25,CrestedButteCO,dfc,14356.722453193353,,4000,14831.0,0.09626815468072891,
Case25,DesMoinesIA,dfa,8271.707110124222,3.0,4000,7174,0.0852283388376236,
Case25,DetroitMI,dfa,8314.98780224706,5.0,4000,10365,0.09261791408061981,
Case25,EielsonAFB,dfc,8646.996808158334,,5000,2133.0,0.10472662001848221,
Case25,Everglades,am,9388.649136887601,,5000,2042.0,0.098517507314682,
Case25,Flagstaff,dsb,8737.328987124105,,5000,2122.0,0.09505058825016022,
Case25,GreatFallsMT,bsk,10489.448876864686,3.0,4000,9232.0,0.09015388041734695,
Case25,Hilo,af,8999.461081831187,5.0,4000,9657.0,0.09828328341245651,
Case25,IdahoFalls,dfb,11418.310561755978,2.0,4000,8166.0,0.09296155720949173,
Case25,JacksonMS,cfa,9413.489862920702,,5000,1829.0,0.09961270540952682,
Case25,Kauai,cfb,6755.767432777568,3.0,4000,5746,0.08241213858127594,
Case25,KootenaiCountyID,dsb,15500.161458333332,,4000,14375.0,0.09927131980657578,
Case25,LancasterPA,dfa,9498.362829137734,,5000,2062.0,0.10114879906177521,
Case25,LaredoTX,bsh,8211.39778683968,3.0,4000,6433.0,0.08597482740879059,
Case25,LincolnNE,dfa,8114.016658523909,3.0,4000,6021,0.0835762470960617,
Case25,LittleRockAR,cfa,9721.25621453299,,5000,2082.0,0.09935963898897171,
Case25,Longview,csb,9130.032166071094,,5000,1865.0,0.10271058231592178,
Case25,LosAlamosNM,dfb,9044.910673431374,,5000,2229.0,0.09561224281787872,
Case25,MarlintonWV,cfb,9567.001156843016,,5000,2027.0,0.10145175457000732,
Case25,MedfordOR,csa,13096.280277645648,,4000,14125.0,0.09641866385936737,
Case25,MemphisTN,cfa,12521.732689476516,3.0,4000,12284.0,0.09665529429912567,
Case25,Miami,af,10147.138433386755,,4000,15910.0,0.0911787673830986,
Case25,MobileAL,cfa,9738.919110022309,,5000,1861.0,0.09939706325531006,
Case25,MoscowID,csb,15500.161458333332,,4000,14375.0,0.09912586957216263,
Case25,NOLA,cfa,9835.590621167554,,5000,2054.0,0.10005604475736618,
Case25,NeahBay,cfb,9108.316624445231,,5000,2113.0,0.10500112175941467,
Case25,OKCity,cfa,6182.261924245756,3.0,4000,7794,0.08419360220432281,
Case25,ORNL,cfa,9423.362082495461,,5000,2146.0,0.09932906180620193,
Case25,PhoenixAZ,bwh,10683.391731439355,2.0,4000,10220.0,0.09298782795667648,
Case25,PrescottAZ,csa,14800.305823564016,,4000,12653.0,0.0931914821267128,
Case25,Pueblo,bsk,10663.994464820467,3.0,4000,11092.0,0.09437542408704758,
Case25,RaleighNC,cfa,9625.865258759564,,5000,1998.0,0.09853488206863403,
Case25,RapidCitySD,bsk,9421.747833030233,3.0,4000,7872.0,0.0880456268787384,
Case25,ReddingCA,csa,11260.760226293556,,4000,14283.0,0.09330414235591888,
Case25,RichmondVA,cfa,9718.563422599622,,5000,2025.0,0.09960664063692093,
Case25,Sacramento,csa,9798.129922291819,1.0,4000,11495.0,0.09239547699689865,
Case25,SouthBendIN,dfa,7824.377712965098,5.0,4000,10336,0.0919293686747551,
Case25,Syracuse,dfb,9352.034321116633,,5000,2163.0,0.10230113565921783,
Case25,TexasOil,bsh,7538.685226868739,3.0,4000,5614.0,0.08198682218790054,
Case25,UPMich,dfb,13946.611684799218,4.0,4000,9387,0.09635868668556213,
Case25,VegasNV,bwh,9839.135585880831,1.0,4000,11243.0,0.09001891314983368,
Case25,WadenaMN,dfa,8424.533307648268,3.0,4000,6206,0.08397192507982254,
Case3,AZYuma,bwh,10727.239292415772,2.0,4000,10350.0,0.11606812477111816,
Case3,Anchorage,dfc,25055.175300209667,,4000,14487.0,0.13787275552749634,
Case3,Ashland,dfb,13815.233050316774,4.0,4000,10887,0.12127133458852768,
Case3,AtlantaGA,cfa,20366.301099857643,,4000,14849.0,0.12915197014808655,
Case3,BangorME,dfb,18087.25811279698,3.0,4000,15350.0,0.1335025429725647,
Case3,BendOre,bsk,11859.429000136663,3.0,4000,12972.0,0.12241823226213455,
Case3,BentonCountyOregon,csb,16500.171875000004,,4000,14375.0,0.12665218114852905,
Case3,BirminghamAL,cfa,22000.229166666664,,4000,16250.0,0.13219979405403137,
Case3,BismarckND,dfb,10085.551975488775,5.0,3000,19607,0.10486559569835663,
Case3,BlaineCountyMontana,bsk,14695.424035957034,4.0,3000,18203,0.10651932656764984,
Case3,BoiseID,bsk,13241.216333159553,,4000,13265.0,0.11981803178787231,
Case3,BrewsterMA,dfb,7817.19718940022,4.0,4000,9167,0.10495173931121826,
Case3,BurlingtonVT,dfa,22500.234374999996,,4000,15625.0,0.134052574634552,
Case3,Buttonwillow,bwk,12500.130208333328,,4000,14375.0,0.11926598846912384,
Case3,CarsonCityNV,bsk,13006.053446203761,,4000,14587.0,0.12264963239431381,
Case3,CheyenneWY,bsk,6991.134867053311,4.0,4000,9746,0.1054338663816452,
Case3,Chicago,dfa,10157.155515378392,4.0,4000,11171,0.11268814653158188,
Case3,CoalvilleUT,dfb,10795.04663734777,1.0,4000,11735.0,0.11895629018545151,
Case3,ColumbiaMO,cfa,11279.895476495962,4.0,4000,13339,0.12091311812400818,
Case3,ColumbusOH,dfa,16888.620116740523,3.0,4000,12184,0.12560516595840454,
Case3,CrestedButteCO,dfc,15568.863438756322,,4000,14131.0,0.1217876598238945,
Case3,DesMoinesIA,dfa,7902.433657800894,4.0,4000,6988,0.10850503295660019,
Case3,DetroitMI,dfa,9922.858574750127,4.0,4000,10407,0.11195723712444305,
Case3,EielsonAFB,dfc,23258.491083991707,,4000,17274.0,0.1397646963596344,
Case3,Everglades,am,13251.605427291766,5.0,4000,15379,0.12391892075538635,
Case3,Flagstaff,dsb,10784.335691693768,3.0,4000,12246.0,0.11757393926382065,
Case3,GreatFallsMT,bsk,8664.6838362623,4.0,4000,11319,0.11194856464862823,
Case3,Hilo,af,8007.372125368432,5.0,4000,10929,0.12131737172603607,
Case3,IdahoFalls,dfb,9895.018729338022,2.0,4000,10231.0,0.1176808550953865,
Case3,JacksonMS,cfa,18000.187499999996,,4000,18750.0,0.13093586266040802,
Case3,Kauai,cfb,12039.061699108492,4.0,3000,18632,0.10335609316825867,
Case3,KootenaiCountyID,dsb,15382.972737630214,,4000,14971.0,0.12558162212371826,
Case3,LancasterPA,dfa,19517.048015957753,3.0,4000,13443.0,0.13177743554115295,
Case3,LaredoTX,bsh,12618.54272058326,4.0,3000,19834,0.10841075330972672,
Case3,LincolnNE,dfa,13709.037717688065,4.0,3000,18927,0.10605049133300781,
Case3,LittleRockAR,cfa,16309.1856340689,3.0,4000,13228.0,0.1267920285463333,
Case3,Longview,csb,19650.312562624506,,4000,14973.0,0.13187819719314575,
Case3,LosAlamosNM,dfb,11361.8110332754,3.0,4000,14302.0,0.12082291394472122,
Case3,MarlintonWV,cfb,22742.435548603233,,4000,15108.0,0.1334533542394638,
Case3,MedfordOR,csa,15000.156249999998,,4000,13750.0,0.12347041070461273,
Case3,MemphisTN,cfa,12194.621305113971,3.0,4000,13268,0.117658831179142,
Case3,Miami,af,10759.36714555589,3.0,4000,11648.0,0.11273274570703506,
Case3,MobileAL,cfa,17633.576867368305,2.0,4000,15647.0,0.1303577423095703,
Case3,MoscowID,csb,13221.377146188595,2.0,4000,12223.0,0.1254991888999939,
Case3,NOLA,cfa,15895.532310528437,4.0,4000,13489,0.12391464412212372,
Case3,NeahBay,cfb,19087.580376368358,3.0,4000,14183,0.1318776160478592,
Case3,OKCity,cfa,12656.084771845473,4.0,3000,18669,0.10478352755308151,
Case3,ORNL,cfa,18951.439444450956,,4000,14174.0,0.12721724808216095,
Case3,PhoenixAZ,bwh,11261.379617329401,2.0,4000,10290.0,0.11696240305900574,
Case3,PrescottAZ,csa,14339.7530244309,,4000,12279.0,0.11712989211082458,
Case3,Pueblo,bsk,9636.65907383191,4.0,4000,12436.0,0.11707556992769241,
Case3,RaleighNC,cfa,18217.680803931624,,4000,15927.0,0.12751691043376923,
Case3,RapidCitySD,bsk,9542.166560076277,3.0,4000,8258,0.11123999953269958,
Case3,ReddingCA,csa,14633.78878764442,,4000,12741.0,0.11994775384664536,
Case3,RichmondVA,cfa,18355.602093466085,,4000,17262.0,0.12977245450019836,
Case3,Sacramento,csa,12081.170539927525,,4000,13280.0,0.11792439222335815,
Case3,SouthBendIN,dfa,8771.024279797037,4.0,4000,10649,0.11076392978429794,
Case3,Syracuse,dfb,19225.12966872634,2.0,4000,11990.0,0.12902763485908508,
Case3,TexasOil,bsh,10384.525686215351,4.0,3000,19651,0.10310416668653488,
Case3,UPMich,dfb,9721.977735892566,5.0,4000,12136,0.11571180075407028,
Case3,VegasNV,bwh,9611.743061859022,2.0,4000,11139.0,0.11492789536714554,
Case3,WadenaMN,dfa,13641.294398559576,4.0,3000,19963,0.10681885480880737,
Case35,AZYuma,bwh,16173.290729728447,4.0,3000.0,25962,0.13846223056316376,
Case35,Anchorage,dfc,25000.260416666664,,4000,15000,0.16325394809246063,
Case35,Ashland,dfb,10614.26504047245,4.0,4000,13905,0.14498254656791687,
Case35,AtlantaGA,cfa,18016.86042183035,,4000,20894.0,0.15363071858882904,
Case35,BangorME,dfb,17300.435067603514,3.0,4000,18666,0.159015491604805,
Case35,BendOre,bsk,13000.135416666666,,4000,16250,0.14738121628761292,
Case35,BentonCountyOregon,csb,16388.824198762406,,4000,17515,0.15339747071266174,
Case35,BirminghamAL,cfa,20884.0066019694,,4000,20079.0,0.15597938001155853,
Case35,BismarckND,dfb,10209.701070332863,6.0,3000,20132,0.11919858306646347,
Case35,BlaineCountyMontana,bsk,13489.636414012139,4.0,3000,21003,0.12061367928981781,
Case35,BoiseID,bsk,13308.934953948203,,4000,13306.0,0.14496776461601257,
Case35,BrewsterMA,dfb,14553.546347736916,7.0,3000,21164,0.12520983815193176,
Case35,BurlingtonVT,dfa,20483.580303889466,,4000,21815.0,0.15949316322803497,
Case35,Buttonwillow,bwk,13500.140625,,4000,14375.0,0.14430733025074005,
Case35,CarsonCityNV,bsk,13076.95452487818,,4000,16287,0.14913985133171082,
Case35,CheyenneWY,bsk,13185.656905640437,6.0,3000,23894,0.12433085590600967,
Case35,Chicago,dfa,8205.533549911748,5.0,4000,14796,0.1361234039068222,
Case35,CoalvilleUT,dfb,13148.194171783114,,4000,14666,0.14477266371250153,
Case35,ColumbiaMO,cfa,9553.634475897343,4.0,4000,15023,0.1456771045923233,
Case35,ColumbusOH,dfa,10726.222312861404,5.0,4000,15291,0.14962083101272583,
Case35,CrestedButteCO,dfc,14613.28614674386,,4000,14838.0,0.14523208141326904,
Case35,DesMoinesIA,dfa,13833.308115842401,5.0,3000,22186,0.12402224540710449,
Case35,DetroitMI,dfa,8444.00292549037,5.0,4000,13122,0.13541291654109955,
Case35,EielsonAFB,dfc,27985.987159669792,,4000,13629,0.16619476675987244,
Case35,Everglades,am,11640.790580298886,4.0,4000,18315,0.14507730305194855,
Case35,Flagstaff,dsb,9513.058873072338,3.0,4000,14725,0.1429402083158493,
Case35,GreatFallsMT,bsk,8812.003387355326,4.0,4000,11678,0.13561980426311493,
Case35,Hilo,af,9436.332383338215,5.0,4000,12812,0.1475193053483963,
Case35,IdahoFalls,dfb,18303.422563833105,4.0,3000,24805,0.13920855522155762,
Case35,JacksonMS,cfa,16775.549856940237,,4000,23797,0.15422981977462769,
Case35,Kauai,cfb,12062.268323683553,5.0,3000,19354,0.11775263398885727,
Case35,KootenaiCountyID,dsb,16000.166666666668,,4000,17500.0,0.15221644937992096,
Case35,LancasterPA,dfa,17345.28726773563,3.0,4000,16946,0.15660785138607025,
Case35,LaredoTX,bsh,11583.81072099851,5.0,3000,20571,0.12280493974685669,
Case35,LincolnNE,dfa,11891.417115837747,4.0,3000,22137,0.12002242356538773,
Case35,LittleRockAR,cfa,17532.011993210675,,4000,16763,0.15152610838413239,
Case35,Longview,csb,18000.187499999996,,4000,20000.0,0.1582174301147461,
Case35,LosAlamosNM,dfb,14000.145833333334,,4000,20000,0.14593817293643951,
Case35,MarlintonWV,cfb,20500.213541666653,,4000,20625,0.15811944007873535,
Case35,MedfordOR,csa,13825.377167891082,,4000,15083.0,0.14875952899456024,
Case35,MemphisTN,cfa,9921.021375988621,4.0,4000,15239,0.14169275760650635,
Case35,Miami,af,16783.857969251716,3.0,3000.0,25728,0.13081549108028412,
Case35,MobileAL,cfa,18614.603987056507,,4000,21562.0,0.15439443290233612,
Case35,MoscowID,csb,15647.467181477601,,4000,16086,0.15115705132484436,
Case35,NOLA,cfa,13007.13818967666,4.0,4000,15677,0.14618970453739166,
Case35,NeahBay,cfb,13099.704833280884,5.0,4000,20381,0.15698987245559692,
Case35,OKCity,cfa,13596.53882274802,4.0,3000,19783,0.11966832727193832,
Case35,ORNL,cfa,16229.618091729812,,4000,19953.0,0.1521538496017456,
Case35,PhoenixAZ,bwh,20003.424733772725,3.0,3000,24436,0.14020849764347076,
Case35,PrescottAZ,csa,17893.38472391963,4.0,3000,28421,0.1402721256017685,
Case35,Pueblo,bsk,20526.35723258399,5.0,3000,25586,0.14033344388008118,
Case35,RaleighNC,cfa,18640.634726631808,,4000,16544,0.15133655071258545,
Case35,RapidCitySD,bsk,14480.005355124853,6.0,3000,21282,0.12764044106006622,
Case35,ReddingCA,csa,13121.861324108895,,4000,13549.0,0.14446298778057098,
Case35,RichmondVA,cfa,17468.963242499904,,4000,19533,0.1531558781862259,
Case35,Sacramento,csa,17095.617046515734,3.0,3000,25872,0.1405719518661499,
Case35,SouthBendIN,dfa,7460.863954484934,5.0,4000,13556,0.1346590667963028,
Case35,Syracuse,dfb,12046.54353649287,5.0,4000,16560,0.15355083346366882,
Case35,TexasOil,bsh,10136.025194770642,4.0,3000,22483,0.11798541992902756,
Case35,UPMich,dfb,10127.797123477754,5.0,4000,14423,0.13944219052791595,
Case35,VegasNV,bwh,11645.311278673717,6.0,3000,25391,0.1358906775712967,
Case35,WadenaMN,dfa,9717.203600247294,7.0,3000,19318,0.12024667859077454,
Case4,AZYuma,bwh,18946.59316675606,2.0,3000.0,34290,0.1595003604888916,
Case4,Anchorage,dfc,21000.218749999996,,4000,27500,0.2015632688999176,
Case4,Ashland,dfb,28267.444075218933,8.0,3000,32379,0.17195546627044678,
Case4,AtlantaGA,cfa,14683.40901181532,3.0,4000,26473,0.18931074440479279,
Case4,BangorME,dfb,14034.944806671929,5.0,4000,27169,0.19338616728782654,
Case4,BendOre,bsk,23435.415416202417,4.0,3000,39376,0.17010614275932312,
Case4,BentonCountyOregon,csb,14450.150520833333,,4000,23063,0.19065311551094055,
Case4,BirminghamAL,cfa,17155.188508488664,,4000,26542,0.190834641456604,
Case4,BismarckND,dfb,10268.381378416248,7.0,3000.0,24746,0.13836482167243958,
Case4,BlaineCountyMontana,bsk,11619.587306941181,7.0,3000,25729,0.14025355875492096,
Case4,BoiseID,bsk,23312.75381082384,3.0,3000,42329,0.17220598459243774,
Case4,BrewsterMA,dfb,14970.518905368246,6.0,3000,28208,0.13913924992084503,
Case4,BurlingtonVT,dfa,16896.5120876814,3.0,4000,25238,0.1950893998146057,
Case4,Buttonwillow,bwk,24962.513616082644,1.0,3000,31328,0.16888584196567535,
Case4,CarsonCityNV,bsk,34902.30250906848,2.0,3000,37792,0.18536223471164703,
Case4,CheyenneWY,bsk,13982.49194637226,4.0,3000.0,30347,0.13706357777118683,
Case4,Chicago,dfa,25883.68315248468,5.0,3000,28120,0.1551062911748886,
Case4,CoalvilleUT,dfb,24233.049946207942,4.0,3000,32541,0.1726727932691574,
Case4,ColumbiaMO,cfa,24375.32760589669,7.0,3000,35856,0.16869544982910156,
Case4,ColumbusOH,dfa,32863.03630826473,7.0,3000,38101,0.1811380684375763,
Case4,CrestedButteCO,dfc,28794.73739614079,4.0,3000,30359,0.17231103777885437,
Case4,DesMoinesIA,dfa,11446.928794015996,6.0,3000,29280,0.14123700559139252,
Case4,DetroitMI,dfa,13706.059640841286,8.0,3000,38748,0.15573367476463318,
Case4,EielsonAFB,dfc,20877.983335763824,5.0,4000,18167,0.20154334604740143,
Case4,Everglades,am,12066.96840421023,5.0,4000,22994,0.17422588169574738,
Case4,Flagstaff,dsb,21866.464153692163,5.0,3000,33917,0.16203443706035614,
Case4,GreatFallsMT,bsk,16750.69598966835,8.0,3000,30465,0.15262211859226227,
Case4,Hilo,af,23641.567245700764,7.0,3000,33301,0.16766539216041565,
Case4,IdahoFalls,dfb,16376.509270928927,7.0,3000,37032,0.16374239325523376,
Case4,JacksonMS,cfa,16750.17447916667,,4000,25312,0.18983875215053558,
Case4,Kauai,cfb,16403.562067995816,7.0,2000.0,34650,0.13456755876541138,
Case4,KootenaiCountyID,dsb,15608.746056675809,,4000,24634,0.1905342936515808,
Case4,LancasterPA,dfa,15130.882679219412,5.0,4000,24340,0.18957741558551788,
Case4,LaredoTX,bsh,11799.865641492288,5.0,3000,27701,0.14397773146629333,
Case4,LincolnNE,dfa,11793.714295640042,6.0,3000.0,26066,0.1389370560646057,
Case4,LittleRockAR,cfa,32835.75114675165,6.0,3000,34777,0.18058210611343384,
Case4,Longview,csb,19625.49133192759,,4000,23917,0.19698737561702728,
Case4,LosAlamosNM,dfb,24587.073936629273,5.0,3000,37124,0.167387917637825,
Case4,MarlintonWV,cfb,19192.47443862431,,4000,26749,0.19478103518486023,
Case4,MedfordOR,csa,15249.98760816626,,4000,19661,0.1863800287246704,
Case4,MemphisTN,cfa,25570.09411434711,7.0,3000,29013,0.16326700150966644,
Case4,Miami,af,35047.75848972548,3.0,,80856,0.13878802955150604,
Case4,MobileAL,cfa,14924.468531300823,4.0,4000,25191,0.1885417401790619,
Case4,MoscowID,csb,32197.54840251086,5.0,3000,41696,0.18702085316181183,
Case4,NOLA,cfa,10896.503788060048,6.0,4000,24556,0.17591916024684906,
Case4,NeahBay,cfb,34398.10924892202,8.0,3000,31854,0.1848120093345642,
Case4,OKCity,cfa,11082.393379070663,5.0,3000.0,27718,0.1388622373342514,
Case4,ORNL,cfa,16000.166666666662,,4000,25000,0.18874268233776093,
Case4,PhoenixAZ,bwh,21183.03602222512,1.0,3000.0,32030,0.16095411777496338,
Case4,PrescottAZ,csa,15912.32427076639,5.0,3000,34536,0.15703366696834564,
Case4,Pueblo,bsk,19046.420152418985,6.0,3000,32184,0.1583845615386963,
Case4,RaleighNC,cfa,34412.499573609246,6.0,3000,39464,0.18450787663459778,
Case4,RapidCitySD,bsk,13414.209297488938,7.0,3000,30548,0.14738528430461884,
Case4,ReddingCA,csa,29705.902091817134,3.0,3000,36260,0.1811612844467163,
Case4,RichmondVA,cfa,17619.920201620753,,4000,23275,0.18962647020816803,
Case4,Sacramento,csa,17878.67525181259,3.0,3000,33044,0.16480517387390137,
Case4,SouthBendIN,dfa,16928.31492608442,6.0,3000,36152,0.1512635499238968,
Case4,Syracuse,dfb,32226.588138019422,6.0,3000,31696,0.17852355539798737,
Case4,TexasOil,bsh,12331.99875798587,7.0,2000.0,35767,0.1321396380662918,
Case4,UPMich,dfb,24484.569834766375,7.0,3000.0,34867,0.162385493516922,
Case4,VegasNV,bwh,12652.728562740122,5.0,3000.0,30691,0.15519441664218903,
Case4,WadenaMN,dfa,10442.319472632078,7.0,3000.0,26381,0.13868921995162964,
Case5,Anchorage,dfc,21000.218749999996,,4000,27500,0.22128812968730927,
Case5,Ashland,dfb,30036.785814795407,8.0,3000,28038,0.18756939470767975,
Case5,AtlantaGA,cfa,14997.402471929738,3.0,4000,26198,0.20908282697200775,
Case5,BangorME,dfb,40002.19077616318,8.0,3000,32261,0.21054372191429138,
Case5,BendOre,bsk,23573.192112199293,4.0,3000,39383,0.18504314124584198,
Case5,BentonCountyOregon,csb,35968.325713288745,5.0,3000,42582,0.20789769291877747,
Case5,BirminghamAL,cfa,17105.370786445284,,4000,27126,0.21074391901493073,
Case5,BismarckND,dfb,14651.493619678851,9.0,2000.0,35344,0.14889952540397644,
Case5,BlaineCountyMontana,bsk,13005.435661356667,10.0,2000.0,37034,0.15226207673549652,
Case5,BoiseID,bsk,25155.647131610513,4.0,3000,34624,0.18784727156162262,
Case5,BrewsterMA,dfb,14809.407971738074,6.0,3000.0,27652,0.1534932404756546,
Case5,BurlingtonVT,dfa,16814.730819992565,3.0,4000,25629,0.2149049937725067,
Case5,Buttonwillow,bwk,24184.6511416893,1.0,3000,36227,0.18445099890232086,
Case5,CarsonCityNV,bsk,29404.06845088094,5.0,3000,37023,0.19995349645614624,
Case5,CheyenneWY,bsk,28879.890210687005,9.0,,65369,0.13771653175354004,
Case5,Chicago,dfa,24032.976703992103,6.0,3000.0,29940,0.16945412755012512,
Case5,CoalvilleUT,dfb,22361.118619287965,4.0,3000,36664,0.18681733310222626,
Case5,ColumbiaMO,cfa,25002.531328426685,6.0,3000,38320,0.1833086609840393,
Case5,ColumbusOH,dfa,32207.829080984404,7.0,3000,39413,0.19640357792377472,
Case5,CrestedButteCO,dfc,25707.78268722875,5.0,3000,37417,0.18698887526988983,
Case5,DesMoinesIA,dfa,18445.279568668855,9.0,2000.0,36605,0.15539100766181946,
Case5,DetroitMI,dfa,20903.54580735851,7.0,3000.0,32526,0.1702103167772293,
Case5,EielsonAFB,dfc,20031.548607588462,6.0,4000,18396,0.22166427969932556,
Case5,Everglades,am,12034.782237245596,5.0,4000,23181,0.19400323927402496,
Case5,Flagstaff,dsb,22078.08854338784,4.0,3000,36111,0.17642268538475037,
Case5,GreatFallsMT,bsk,18999.73850257556,7.0,3000.0,30520,0.16701479256153107,
Case5,Hilo,af,22910.820550964414,7.0,3000,33178,0.18174873292446136,
Case5,IdahoFalls,dfb,17815.064865660803,6.0,3000,31457,0.17700639367103577,
Case5,JacksonMS,cfa,40330.10802207306,5.0,3000,37771,0.20719923079013824,
Case5,Kauai,cfb,20322.84506315288,7.0,1000.0,55870,0.14346276223659515,
Case5,KootenaiCountyID,dsb,15344.952407088187,,4000,25071,0.21026936173439026,
Case5,LancasterPA,dfa,15937.967611280194,4.0,4000,23624,0.2092476785182953,
Case5,LaredoTX,bsh,16801.823937866942,8.0,2000.0,40365,0.15698061883449554,
Case5,LincolnNE,dfa,17507.543972915755,10.0,1000.0,55849,0.15013428032398224,
Case5,LittleRockAR,cfa,33142.93090105519,6.0,3000,34968,0.19581149518489838,
Case5,Longview,csb,17891.84957964363,,4000,25919,0.2167593538761139,
Case5,LosAlamosNM,dfb,25067.80148261423,5.0,3000,35864,0.18231379985809326,
Case5,MarlintonWV,cfb,13755.425451450075,4.0,4000,28153,0.21458716690540314,
Case5,MedfordOR,csa,34698.950091304236,2.0,3000,44156,0.20507752895355225,
Case5,MemphisTN,cfa,25235.60003470187,7.0,3000,29465,0.17785276472568512,
Case5,MobileAL,cfa,37593.35606248944,5.0,3000,47315,0.20571573078632355,
Case5,MoscowID,csb,32268.321880540814,5.0,3000,41815,0.2019335925579071,
Case5,NOLA,cfa,27432.647161058027,10.0,3000,32240,0.19121401011943817,
Case5,NeahBay,cfb,31552.79282800534,10.0,3000,34710,0.20189499855041504,
Case5,OKCity,cfa,17273.009321631187,10.0,1000.0,55473,0.14963023364543915,
Case5,ORNL,cfa,16500.171874999996,,4000,24375,0.20843017101287842,
Case5,PhoenixAZ,bwh,42565.862223304925,5.0,1000.0,58086,0.1713838279247284,
Case5,PrescottAZ,csa,16653.136836823596,4.0,3000.0,38837,0.17245280742645264,
Case5,Pueblo,bsk,15137.223777683248,8.0,3000.0,33550,0.17345549166202545,
Case5,RaleighNC,cfa,34415.98860791654,6.0,3000,39081,0.19919802248477936,
Case5,RapidCitySD,bsk,20863.192540367774,8.0,2000.0,39129,0.15968112647533417,
Case5,ReddingCA,csa,26915.77107813333,4.0,3000,37876,0.1963556706905365,
Case5,RichmondVA,cfa,38796.640842378816,5.0,3000,45029,0.20804058015346527,
Case5,Sacramento,csa,19230.638679914147,2.0,3000,33082,0.17955820262432098,
Case5,SouthBendIN,dfa,15461.847927017347,7.0,3000.0,36596,0.16751261055469513,
Case5,Syracuse,dfb,33018.96224442944,6.0,3000,32730,0.19439876079559326,
Case5,TexasOil,bsh,28066.800319743703,7.0,,71039,0.13507941365242004,
Case5,UPMich,dfb,17181.852274658308,8.0,3000.0,40153,0.17666000127792358,
Case5,VegasNV,bwh,28709.79821561277,7.0,1000.0,63023,0.16560880839824677,
Case5,WadenaMN,dfa,16298.694992220193,11.0,1000.0,53081,0.1490846574306488,
Case5,YumaAZ,bwh,43852.5062308689,7.0,,79187,0.16297537088394165,
Case6,Anchorage,dfc,21000.218749999996,,4000,27500,0.23772551119327545,
Case6,Ashland,dfb,30036.785814795407,8.0,3000.0,28038,0.19989727437496185,
Case6,AtlantaGA,cfa,40585.18856530894,5.0,3000,47101,0.22213692963123322,
Case6,BangorME,dfb,39750.20215829265,8.0,3000,32854,0.22276899218559265,
Case6,BendOre,bsk,23091.009349532746,4.0,3000,39192,0.196868434548378,
Case6,BentonCountyOregon,csb,36106.249172523916,5.0,3000,42392,0.22021600604057312,
Case6,BirminghamAL,cfa,16733.509649157426,,4000,26821,0.22700715065002441,
Case6,BismarckND,dfb,17179.468786182864,11.0,1000.0,52449,0.15354716777801514,
Case6,BlaineCountyMontana,bsk,18816.95327637954,10.0,1000.0,58040,0.15820150077342987,
Case6,BoiseID,bsk,25155.647131610513,4.0,3000,34624,0.20017577707767487,
Case6,BrewsterMA,dfb,26220.059998467117,12.0,,76680,0.15759944915771484,
Case6,BurlingtonVT,dfa,14812.838721670436,4.0,4000,27790,0.2313036471605301,
Case6,Buttonwillow,bwk,23921.594841433616,1.0,3000,35690,0.1964169442653656,
Case6,CarsonCityNV,bsk,34672.18019614276,2.0,3000,38066,0.21233753859996796,
Case6,CheyenneWY,bsk,28879.890210687005,9.0,,65369,0.13771653175354004,
Case6,Chicago,dfa,23484.20252938711,6.0,3000.0,30323,0.1814568191766739,
Case6,CoalvilleUT,dfb,21996.550798675624,4.0,3000,37049,0.19896695017814636,
Case6,ColumbiaMO,cfa,24351.2199077208,7.0,3000.0,36010,0.19582445919513702,
Case6,ColumbusOH,dfa,32207.829080984404,7.0,3000,39413,0.2087319940328598,
Case6,CrestedButteCO,dfc,27723.533668878903,4.0,3000,35668,0.1996229887008667,
Case6,DesMoinesIA,dfa,18677.826323155903,11.0,1000.0,56276,0.1598009169101715,
Case6,DetroitMI,dfa,40163.04027044195,13.0,,74935,0.17667518556118011,
Case6,EielsonAFB,dfc,20419.520537941917,5.0,4000,19094,0.23785220086574554,
Case6,Everglades,am,35875.91515160151,8.0,3000,32748,0.20671392977237701,
Case6,Flagstaff,dsb,21571.676637380504,5.0,3000.0,33144,0.18865936994552612,
Case6,GreatFallsMT,bsk,28714.232738915063,14.0,,77139,0.16870027780532837,
Case6,Hilo,af,24434.224925082995,6.0,3000.0,32995,0.1942766159772873,
Case6,IdahoFalls,dfb,17329.9014656162,6.0,3000,31419,0.1889212727546692,
Case6,JacksonMS,cfa,40775.14523870288,5.0,3000,37790,0.2199823409318924,
Case6,Kauai,cfb,20322.84506315288,7.0,1000.0,55870,0.14757224917411804,
Case6,KootenaiCountyID,dsb,17585.04535657684,,4000,20344,0.2258146107196808,
Case6,LancasterPA,dfa,14432.776488155898,5.0,4000,25251,0.22568069398403168,
Case6,LaredoTX,bsh,17282.693168889935,8.0,2000.0,40359,0.1656964272260666,
Case6,LincolnNE,dfa,17507.543972915755,10.0,1000.0,55849,0.15424364805221558,
Case6,LittleRockAR,cfa,33238.92238998449,6.0,3000,34496,0.20806871354579926,
Case6,Longview,csb,19978.542446844138,,4000,22695,0.23281614482402802,
Case6,LosAlamosNM,dfb,24809.547281703744,5.0,3000.0,36746,0.19463859498500824,
Case6,MarlintonWV,cfb,18997.779146375466,,4000,27451,0.23114141821861267,
Case6,MedfordOR,csa,34765.19939693372,2.0,3000,43950,0.21724750101566315,
Case6,MemphisTN,cfa,23818.710803165486,8.0,3000.0,30596,0.19075019657611847,
Case6,Miami,af,35047.75848972548,3.0,,80856,0.13878802955150604,
Case6,MobileAL,cfa,37593.35606248944,5.0,3000,47315,0.21804401278495789,
Case6,MoscowID,csb,32264.662848712233,5.0,3000,41853,0.21426887810230255,
Case6,NOLA,cfa,34815.719570557696,7.0,3000,33212,0.20410963892936707,
Case6,NeahBay,cfb,41666.75295767796,7.0,3000,29755,0.21727843582630157,
Case6,OKCity,cfa,17273.009321631187,10.0,1000.0,55473,0.15373967587947845,
Case6,ORNL,cfa,43185.3122219811,1.0,3000,48164,0.22196726500988007,
Case6,PhoenixAZ,bwh,53373.960594344455,7.0,,76735,0.17210693657398224,
Case6,PrescottAZ,csa,44842.11502946755,4.0,1000.0,62603,0.17889802157878876,
Case6,Pueblo,bsk,23933.890392979163,10.0,2000.0,40569,0.18253245949745178,
Case6,RaleighNC,cfa,34231.27706180451,6.0,3000,39405,0.21140901744365692,
Case6,RapidCitySD,bsk,20067.98780506401,8.0,2000.0,39444,0.16735488176345825,
Case6,ReddingCA,csa,30047.336048624675,3.0,3000,36051,0.20856593549251556,
Case6,RichmondVA,cfa,38638.064320460355,5.0,3000,44985,0.22018109261989594,
Case6,Sacramento,csa,18250.995527678253,3.0,3000,33229,0.19231413304805756,
Case6,SouthBendIN,dfa,36322.88491564334,13.0,,73623,0.17059440910816193,
Case6,Syracuse,dfb,32771.80349375169,7.0,3000.0,29758,0.20720729231834412,
Case6,TexasOil,bsh,28066.800319743703,7.0,,71039,0.13507941365242004,
Case6,UPMich,dfb,50989.08677582907,13.0,,70202,0.18503645062446594,
Case6,VegasNV,bwh,38302.86931984132,10.0,,81279,0.1696828305721283,
Case6,WadenaMN,dfa,16298.694992220193,11.0,1000.0,53081,0.1531940996646881,
Case6,YumaAZ,bwh,43852.5062308689,7.0,,79187,0.16297537088394165,
Case7,Anchorage,dfc,21000.218749999996,,4000,27500,0.25416290760040283,
Case7,Ashland,dfb,39667.233632116564,20.0,,80792,0.20863530039787292,
Case7,AtlantaGA,cfa,37212.36321217449,5.0,3000,50458,0.23382973670959473,
Case7,BangorME,dfb,39750.20215829265,8.0,3000,32854,0.2350969910621643,
Case7,BendOre,bsk,23418.08287197947,4.0,3000.0,39282,0.2095065861940384,
Case7,BentonCountyOregon,csb,37606.449099955265,4.0,3000,44405,0.23380504548549652,
Case7,BirminghamAL,cfa,41478.40378441291,4.0,3000,51599,0.24017594754695892,
Case7,BoiseID,bsk,24107.411044498294,3.0,3000,42079,0.21231713891029358,
Case7,BurlingtonVT,dfa,45435.35093400101,8.0,3000,42808,0.24705591797828674,
Case7,Buttonwillow,bwk,24316.85853964717,1.0,3000,36048,0.20913459360599518,
Case7,CarsonCityNV,bsk,34607.04118651533,2.0,3000,38025,0.22459903359413147,
Case7,Chicago,dfa,48825.049730819854,13.0,,71952,0.1842050701379776,
Case7,CoalvilleUT,dfb,22808.595317311254,4.0,3000,35972,0.21170800924301147,
Case7,ColumbiaMO,cfa,33485.04398370792,10.0,2000.0,44419,0.2070005089044571,
Case7,ColumbusOH,dfa,35985.493991513606,6.0,3000,34999,0.22066724300384521,
Case7,CrestedButteCO,dfc,53873.92806206101,8.0,1000,66409,0.2118251919746399,
Case7,EielsonAFB,dfc,20497.58774518775,5.0,4000,18340,0.25403302907943726,
Case7,Everglades,am,36046.33690306113,8.0,3000.0,32336,0.21900182962417603,
Case7,Flagstaff,dsb,56135.037530371075,4.0,1000.0,62233,0.19624803960323334,
Case7,Hilo,af,26101.45256845468,14.0,1000.0,74091,0.20484937727451324,
Case7,IdahoFalls,dfb,18484.962208739827,6.0,3000.0,31122,0.2021380513906479,
Case7,JacksonMS,cfa,38556.848076843635,5.0,3000,45005,0.23212452232837677,
Case7,KootenaiCountyID,dsb,39551.56760498001,4.0,3000,46902,0.24045991897583008,
Case7,LancasterPA,dfa,40862.550433820965,7.0,3000,43988,0.23752005398273468,
Case7,LaredoTX,bsh,27163.909644348325,7.0,1000.0,65928,0.17230626940727234,
Case7,LittleRockAR,cfa,32909.6765542837,6.0,3000,34924,0.22015658020973206,
Case7,Longview,csb,19871.19000128346,,4000,23780,0.2496463656425476,
Case7,LosAlamosNM,dfb,70322.19924403331,8.0,,82151,0.2023569792509079,
Case7,MarlintonWV,cfb,49812.765491322854,6.0,3000,32002,0.24392972886562347,
Case7,MedfordOR,csa,34418.096393282925,2.0,3000,44116,0.22942760586738586,
Case7,MemphisTN,cfa,45287.00190213038,16.0,,76583,0.19603121280670166,
Case7,MobileAL,cfa,39194.28122713842,5.0,3000,45046,0.2304266393184662,
Case7,MoscowID,csb,32152.156625848336,5.0,3000,41908,0.22649186849594116,
Case7,NOLA,cfa,34815.719570557696,7.0,3000.0,33212,0.2164377123117447,
Case7,NeahBay,cfb,34424.89862236522,9.0,3000.0,34538,0.22699278593063354,
Case7,ORNL,cfa,43013.03336670637,1.0,3000,47852,0.23388373851776123,
Case7,Pueblo,bsk,45075.44226834261,11.0,,84925,0.18558578193187714,
Case7,RaleighNC,cfa,31292.56757284047,7.0,3000,41782,0.22326251864433289,
Case7,RapidCitySD,bsk,27039.07143056312,15.0,,77906,0.17122319340705872,
Case7,ReddingCA,csa,33646.55140372675,1.0,3000,43508,0.2215719372034073,
Case7,RichmondVA,cfa,38570.72972900677,5.0,3000,45590,0.23283042013645172,
Case7,Sacramento,csa,18355.711541783865,3.0,3000,32905,0.20465193688869476,
Case7,Syracuse,dfb,31156.425317312765,8.0,3000.0,29478,0.21959339082241058,
Case8,Anchorage,dfc,21000.218749999996,,4000,27500,0.270600289106369,
Case8,AtlantaGA,cfa,39547.3185366527,4.0,3000.0,50412,0.2463165670633316,
Case8,BangorME,dfb,39835.97766731317,8.0,3000,32735,0.24748244881629944,
Case8,BendOre,bsk,23403.113927898576,4.0,3000.0,39286,0.22182297706604004,
Case8,BentonCountyOregon,csb,33467.344153256505,5.0,3000,46665,0.24555060267448425,
Case8,BirminghamAL,cfa,41670.73277472641,4.0,3000,51090,0.2522886395454407,
Case8,BoiseID,bsk,23251.933016663206,4.0,3000.0,38938,0.22446918487548828,
Case8,BurlingtonVT,dfa,45573.31245746636,8.0,3000,42394,0.25920018553733826,
Case8,Buttonwillow,bwk,24172.226889950205,1.0,3000,35581,0.22123123705387115,
Case8,CarsonCityNV,bsk,26138.61207429063,6.0,3000,38616,0.2361348420381546,
Case8,CoalvilleUT,dfb,22789.050578032784,4.0,3000.0,35781,0.22397427260875702,
Case8,ColumbiaMO,cfa,60774.99563362725,14.0,,78878,0.2098921239376068,
Case8,ColumbusOH,dfa,35927.37580501721,6.0,3000.0,35063,0.2329646199941635,
Case8,EielsonAFB,dfc,21265.039247665194,4.0,4000,18598,0.270634263753891,
Case8,Everglades,am,60868.413555782914,18.0,,75662,0.22176086902618408,
Case8,IdahoFalls,dfb,30425.42484410815,7.0,2000.0,53367,0.2138470709323883,
Case8,JacksonMS,cfa,40318.10914485881,5.0,3000,37807,0.24417199194431305,
Case8,KootenaiCountyID,dsb,39551.56760498001,4.0,3000,46902,0.2527882754802704,
Case8,LancasterPA,dfa,39796.514231514295,7.0,3000,46105,0.2503846287727356,
Case8,LittleRockAR,cfa,32899.30463118062,6.0,3000.0,34815,0.23244880139827728,
Case8,Longview,csb,50203.35418779233,2.0,3000,51488,0.26583901047706604,
Case8,MarlintonWV,cfb,86440.52917121489,8.0,,112187,0.2535017132759094,
Case8,MedfordOR,csa,36593.54229677982,2.0,3000,43653,0.24334768950939178,
Case8,MobileAL,cfa,37430.47610231425,5.0,3000.0,47613,0.24278973042964935,
Case8,MoscowID,csb,32137.00835557152,5.0,3000.0,41986,0.23882579803466797,
Case8,NOLA,cfa,60306.78030806204,19.0,,76890,0.22613665461540222,
Case8,NeahBay,cfb,82649.81946048363,14.0,,79968,0.23788723349571228,
Case8,ORNL,cfa,44578.2820774728,1.0,3000,44949,0.2461610585451126,
Case8,RaleighNC,cfa,32126.631248882186,7.0,3000.0,40384,0.23607401549816132,
Case8,ReddingCA,csa,26843.735929144063,4.0,3000,38229,0.23337697982788086,
Case8,RichmondVA,cfa,37944.27653155923,5.0,3000,46024,0.24486783146858215,
Case8,Sacramento,csa,19589.237010961133,2.0,3000.0,32783,0.2167782485485077,
Case8,Syracuse,dfb,74305.68755467709,13.0,,77203,0.22097976505756378,
