CaseNum,CaseName,mlr,KCC,"Architecture/PV
(kW)",Architecture/G1500,"Architecture/GenLarge
(kW)",Architecture/1kWh LI,"Cost/COE
($)",GenMin
Case2,Anchorage,50,dfc,6900.071874999998,,5000,1500.0,0.0718785896897316,
Case2,Anchorage,60,dfc,7111.227365562462,,5000,1655.0,0.07179176807403564,
Case2,Anchorage,70,dfc,7123.984923489648,,5000,1606.0,0.0717562660574913,
Case2,Anchorage,80,dfc,7123.984923489648,,5000,1606.0,0.0717335119843483,
Case2,Anchorage,90,dfc,7123.984923489648,,5000,1606.0,0.07171864807605743,
Case2,Anchorage,95,dfc,7123.984923489648,,5000,1606.0,0.07172106951475143,
Case2,Ashland,50,dfb,8022.525585285166,,5000,1506.0,0.06924334168434143,
Case2,Ashland,60,dfb,8100.084374999999,,5000,1500.0,0.06919290125370026,
Case2,Ashland,70,dfb,8100.084374999999,,5000,1500.0,0.06917102634906769,
Case2,Ashland,80,dfb,8100.084374999999,,5000,1500.0,0.0691661462187767,
Case2,Ashland,90,dfb,8100.084374999999,,5000,1500.0,0.06916376203298569,
Case2,Ashland,95,dfb,8100.084374999999,,5000,1500.0,0.0691644698381424,
Case2,AtlantaGA,50,cfa,8387.646418534681,,5000,1632.0,0.06848271936178207,
Case2,AtlantaGA,60,cfa,8570.95269703896,,5000,1542.0,0.06845752149820328,
Case2,AtlantaGA,70,cfa,8570.95269703896,,5000,1542.0,0.06842439621686935,
Case2,AtlantaGA,80,cfa,8570.95269703896,,5000,1542.0,0.06841181218624115,
Case2,AtlantaGA,90,cfa,8570.95269703896,,5000,1542.0,0.06840796768665314,
Case2,AtlantaGA,95,cfa,8570.317785265433,,5000,1542.0,0.06841079890727997,
Case2,BangorME,50,dfb,7849.334930416888,,5000,1669.0,0.06995419412851334,
Case2,BangorME,60,dfb,7728.845690309586,,5000,1531.0,0.06986414641141891,
Case2,BangorME,70,dfb,7470.077812499999,,5000,1500.0,0.06987638026475906,
Case2,BangorME,80,dfb,7946.764387302916,,5000,1514.0,0.06987102329730988,
Case2,BangorME,90,dfb,7470.077812499999,,5000,1500.0,0.06988155841827393,
Case2,BangorME,95,dfb,7910.158793315972,,5000,1556.0,0.06987741589546204,
Case2,BendOre,50,bsk,8534.686664716526,,5000,1683.0,0.06725742667913437,
Case2,BendOre,60,bsk,8534.686664716526,,5000,1683.0,0.06721433997154236,
Case2,BendOre,70,bsk,8534.686664716526,,5000,1683.0,0.06718819588422775,
Case2,BendOre,80,bsk,8379.847569639207,,5000,1675.0,0.06718845665454865,
Case2,BendOre,90,bsk,8379.847569639207,,5000,1675.0,0.0671839639544487,
Case2,BendOre,95,bsk,8400.087499999998,,5000,1500.0,0.06718122959136963,
Case2,BentonCountyOregon,50,csb,8100.084374999999,,5000,1500.0,0.06925265491008759,
Case2,BentonCountyOregon,60,csb,8400.0875,,5000,1500.0,0.06919384747743607,
Case2,BentonCountyOregon,70,csb,8469.793149245561,,5000,1580.0,0.06916957348585129,
Case2,BentonCountyOregon,80,csb,8533.404551997844,,5000,1417.0,0.06915938854217529,
Case2,BentonCountyOregon,90,csb,8400.0875,,5000,1500.0,0.06915587931871414,
Case2,BentonCountyOregon,95,csb,8400.0875,,5000,1500.0,0.0691562071442604,
Case2,BirminghamAL,50,cfa,8216.87774152305,,5000,1467.0,0.06873578578233719,
Case2,BirminghamAL,60,cfa,8441.683789169574,,5000,1466.0,0.06869460642337799,
Case2,BirminghamAL,70,cfa,8328.016235639916,,5000,1384.0,0.06868091970682144,
Case2,BirminghamAL,80,cfa,8448.660166898364,,5000,1373.0,0.06866751611232758,
Case2,BirminghamAL,90,cfa,8448.660166898364,,5000,1373.0,0.0686689093708992,
Case2,BirminghamAL,95,cfa,8448.660166898364,,5000,1373.0,0.06866580992937088,
Case2,BismarckND,50,dfb,6593.045099381874,3.0,4000,4860.0,0.06231657415628433,
Case2,BismarckND,60,dfb,6352.113374183693,3.0,4000,5188.0,0.06247470900416374,
Case2,BismarckND,70,dfb,6260.021194945001,3.0,4000,4875.0,0.06206609308719635,
Case2,BismarckND,80,dfb,6332.578033790073,3.0,4000,4247.0,0.061436381191015244,
Case2,BismarckND,90,dfb,5960.311150523998,3.0,4000,4067.0,0.061042267829179764,
Case2,BismarckND,95,dfb,5869.371613332266,3.0,4000,3967.0,0.06089909002184868,
Case2,BlaineCountyMontan,50,abs,6774.626906800486,3.0,4000,6301.0,0.06406251341104507,
Case2,BlaineCountyMontan,60,abs,6412.1636908424025,3.0,4000,5797.0,0.06329205632209778,
Case2,BlaineCountyMontan,70,abs,6978.449359011521,2.0,4000,6597.0,0.06337014585733414,
Case2,BlaineCountyMontan,80,abs,6964.092090088634,2.0,4000,5937.0,0.06265125423669815,
Case2,BlaineCountyMontan,90,abs,5371.679371943798,3.0,4000,5377.0,0.0622788667678833,
Case2,BlaineCountyMontan,95,abs,5654.613988003442,3.0,4000,4911.0,0.06190652400255203,
Case2,BoiseID,50,bsk,8100.0843749999985,,5000,1500.0,0.06670214235782623,
Case2,BoiseID,60,bsk,8100.0843749999985,,5000,1500.0,0.06664887815713882,
Case2,BoiseID,70,bsk,8100.0843749999985,,5000,1500.0,0.06663064658641815,
Case2,BoiseID,80,bsk,8100.084374999999,,5000,1500.0,0.06662246584892273,
Case2,BoiseID,90,bsk,8100.084374999999,,5000,1500.0,0.06661982089281082,
Case2,BoiseID,95,bsk,8253.864837302024,,5000,1599.0,0.06660549342632294,
Case2,BrewsterMA,50,dfb,6058.854200457948,4.0,4000,8127.0,0.06564464420080185,
Case2,BrewsterMA,60,dfb,6047.500582229932,4.0,4000,7256.0,0.06473556905984879,
Case2,BrewsterMA,70,dfb,6067.553838155826,4.0,4000,6894.0,0.06436902284622192,
Case2,BrewsterMA,80,dfb,5879.340703564217,4.0,4000,6728.0,0.06404118984937668,
Case2,BrewsterMA,90,dfb,5506.071958612196,4.0,4000,6571.0,0.06360496580600739,
Case2,BrewsterMA,95,dfb,5516.353319865317,4.0,4000,6334.0,0.0633658841252327,
Case2,BurlingtonVT,50,dfa,8296.74295417049,,5000,1725.0,0.07011669874191284,
Case2,BurlingtonVT,60,dfa,7588.8355958461025,,5000,1464.0,0.07009778916835785,
Case2,BurlingtonVT,70,dfa,7876.4160379794075,,5000,1609.0,0.07004285603761673,
Case2,BurlingtonVT,80,dfa,7963.367459742627,,5000,1546.0,0.07002250105142593,
Case2,BurlingtonVT,90,dfa,7963.367459742627,,5000,1546.0,0.0700233206152916,
Case2,BurlingtonVT,95,dfa,7589.217671251647,,5000,1464.0,0.07002674788236618,
Case2,Buttonwillow,50,bwk,8500.088541666666,,5000,1875.0,0.06599729508161545,
Case2,Buttonwillow,60,bwk,8233.494910136409,,5000,1485.0,0.06594502925872803,
Case2,Buttonwillow,70,bwk,8476.192037867975,,5000,1565.0,0.06591561436653137,
Case2,Buttonwillow,80,bwk,8250.0859375,,5000,1313.0,0.06590954214334488,
Case2,Buttonwillow,90,bwk,8250.0859375,,5000,1313.0,0.06590364128351212,
Case2,Buttonwillow,95,bwk,8250.0859375,,5000,1313.0,0.0659041553735733,
Case2,CarsonCityNV,50,bsk,7950.082812499999,,5000,1688.0,0.068119116127491,
Case2,CarsonCityNV,60,bsk,8087.9167536672885,,5000,1415.0,0.06806383281946182,
Case2,CarsonCityNV,70,bsk,8119.331281728076,,5000,1618.0,0.06803736090660095,
Case2,CarsonCityNV,80,bsk,8262.14746664839,,5000,1578.0,0.06802055239677429,
Case2,CarsonCityNV,90,bsk,8195.39767017688,,5000,1415.0,0.06801551580429077,
Case2,CarsonCityNV,95,bsk,8262.14746664839,,5000,1578.0,0.06801293045282364,
Case2,CheyenneWY,50,bsk,7942.150292763859,3.0,4000,9290.0,0.06644698232412338,
Case2,CheyenneWY,60,bsk,7813.342085233977,3.0,4000,8281.0,0.0652952790260315,
Case2,CheyenneWY,70,bsk,8401.529997901664,3.0,4000,7202.0,0.06465692818164825,
Case2,CheyenneWY,80,bsk,7793.074524974218,3.0,4000,7121.0,0.06403771042823792,
Case2,CheyenneWY,90,bsk,5504.658780548553,3.0,4000,7636.0,0.0632559135556221,
Case2,CheyenneWY,95,bsk,5421.3041222177835,3.0,4000,7511.0,0.06310620158910751,
Case2,Chicago,50,dfa,,4.0,5000,1519.0,0.07005320489406586,
Case2,Chicago,60,dfa,,4.0,5000,1421.0,0.07000276446342468,
Case2,Chicago,70,dfa,,4.0,5000,1513.0,0.07000065594911575,
Case2,Chicago,80,dfa,,4.0,5000,1385.0,0.06998937577009201,
Case2,Chicago,90,dfa,6.641160938996349,4.0,5000,1415.0,0.06999565660953522,
Case2,Chicago,95,dfa,6.641160938996349,4.0,5000,1415.0,0.06999670714139938,
Case2,CoalvilleUT,50,dfb,8100.0843749999985,,5000,1500.0,0.06623806804418564,
Case2,CoalvilleUT,60,dfb,8100.084374999997,,5000,1500.0,0.06619779020547867,
Case2,CoalvilleUT,70,dfb,8100.084374999997,,5000,1500.0,0.06613931804895401,
Case2,CoalvilleUT,80,dfb,8227.65016817067,,5000,1630.0,0.06612537056207657,
Case2,CoalvilleUT,90,dfb,8100.0843749999985,,5000,1500.0,0.06612381339073181,
Case2,CoalvilleUT,95,dfb,8227.65016817067,,5000,1630.0,0.06611659377813339,
Case2,ColumbiaMO,50,cfa,8440.134686533027,,5000,1646.0,0.06799489259719849,
Case2,ColumbiaMO,60,cfa,8708.87080432004,,5000,1560.0,0.06795846670866013,
Case2,ColumbiaMO,70,cfa,8700.090624999999,,5000,1500.0,0.06794016808271408,
Case2,ColumbiaMO,80,cfa,8700.090624999999,,5000,1500.0,0.06793201714754105,
Case2,ColumbiaMO,90,cfa,8700.090624999999,,5000,1500.0,0.06792634725570679,
Case2,ColumbiaMO,95,cfa,8700.090624999999,,5000,1500.0,0.06792489439249039,
Case2,ColumbusOH,50,dfa,8396.794714875357,,5000,1732.0,0.06999357789754868,
Case2,ColumbusOH,60,dfa,7802.234614620329,,5000,1375.0,0.0699736475944519,
Case2,ColumbusOH,70,dfa,7798.43961570659,,5000,1363.0,0.06993965059518814,
Case2,ColumbusOH,80,dfa,7939.395984414644,,5000,1254.0,0.06993500888347626,
Case2,ColumbusOH,90,dfa,8000.083333333331,,5000,1250.0,0.06993400305509567,
Case2,ColumbusOH,95,dfa,8000.083333333333,,5000,1250.0,0.06993227452039719,
Case2,CrestedButteCO,50,dfc,8400.0875,,5000,1875.0,0.06603711098432541,
Case2,CrestedButteCO,60,dfc,8411.08879744307,,5000,1679.0,0.06597396731376648,
Case2,CrestedButteCO,70,dfc,8149.910570533393,,5000,1586.0,0.06596189737319946,
Case2,CrestedButteCO,80,dfc,8100.084374999999,,5000,1500.0,0.06595505774021149,
Case2,CrestedButteCO,90,dfc,8100.084374999999,,5000,1500.0,0.06595353782176971,
Case2,CrestedButteCO,95,dfc,8400.0875,,5000,1500.0,0.06595424562692642,
Case2,DesMoinesIA,50,dfa,6664.941523212956,3.0,4000,7003.0,0.06501907110214233,
Case2,DesMoinesIA,60,dfa,7026.711421088127,3.0,4000,6372.0,0.06451769918203354,
Case2,DesMoinesIA,70,dfa,6920.090545526996,3.0,4000,6261.0,0.06434069573879242,
Case2,DesMoinesIA,80,dfa,5781.11475184705,3.0,4000,6185.0,0.0635727047920227,
Case2,DesMoinesIA,90,dfa,6741.039241063776,3.0,4000,4984.0,0.06285503506660461,
Case2,DesMoinesIA,95,dfa,6581.091323332969,3.0,4000,4869.0,0.06262922286987305,
Case2,DetroitMI,50,dfa,8400.0875,,5000,1500.0,0.07012885808944702,
Case2,DetroitMI,60,dfa,8400.0875,,5000,1500.0,0.0701073706150055,
Case2,DetroitMI,70,dfa,8199.463262086072,,5000,1502.0,0.07008937746286392,
Case2,DetroitMI,80,dfa,8275.145282480404,,5000,1480.0,0.0700855478644371,
Case2,DetroitMI,90,dfa,7499.085694942879,3.0,4000,9961.0,0.06929508596658707,
Case2,DetroitMI,95,dfa,7658.551715448107,3.0,4000,9347.0,0.06874822080135345,
Case2,EielsonAFB,50,dfc,6835.684665493407,,5000,1615.0,0.07174868881702423,
Case2,EielsonAFB,60,dfc,6750.070312499998,,5000,1687.0,0.07165706157684326,
Case2,EielsonAFB,70,dfc,6750.070312499998,,5000,1687.0,0.07160136848688126,
Case2,EielsonAFB,80,dfc,6800.981719541481,,5000,1707.0,0.07159378379583359,
Case2,EielsonAFB,90,dfc,7104.112722991174,,5000,1690.0,0.07159432768821716,
Case2,EielsonAFB,95,dfc,6858.139475645566,,5000,1727.0,0.07159379869699478,
Case2,Flagstaff,50,dsb,8175.210229196194,,5000,1860.0,0.06516024470329285,
Case2,Flagstaff,60,dsb,8270.736019767364,,5000,1677.0,0.06506502628326416,
Case2,Flagstaff,70,dsb,8270.736019767364,,5000,1677.0,0.06505268067121506,
Case2,Flagstaff,80,dsb,8355.977719445407,,5000,1665.0,0.0650322362780571,
Case2,Flagstaff,90,dsb,8400.0875,,5000,1500.0,0.06502003222703934,
Case2,Flagstaff,95,dsb,8400.0875,,5000,1500.0,0.06502003222703934,
Case2,GreatFallsMT,50,bsk,8550.089062500003,,5000,1687.0,0.06815095990896225,
Case2,GreatFallsMT,60,bsk,8550.089062500003,,5000,1687.0,0.0681033581495285,
Case2,GreatFallsMT,70,bsk,8700.090624999999,,5000,1500.0,0.06806369125843048,
Case2,GreatFallsMT,80,bsk,8700.090624999999,,5000,1500.0,0.06806035339832306,
Case2,GreatFallsMT,90,bsk,7657.240256080803,3.0,4000,8753.0,0.06805995106697083,
Case2,GreatFallsMT,95,bsk,6622.0579682419375,3.0,4000,9068.0,0.06767898797988892,
Case2,IdahoFalls,50,dfb,8250.085937499996,,5000,1687.0,0.06772472709417343,
Case2,IdahoFalls,60,dfb,8479.470942736461,,5000,1704.0,0.06769400089979172,
Case2,IdahoFalls,70,dfb,8400.087499999998,,5000,1500.0,0.06766332685947418,
Case2,IdahoFalls,80,dfb,8400.087499999998,,5000,1500.0,0.0676509365439415,
Case2,IdahoFalls,90,dfb,8400.087499999998,,5000,1500.0,0.06764577329158783,
Case2,IdahoFalls,95,dfb,8400.087499999998,,5000,1500.0,0.06764056533575058,
Case2,JacksonMS,50,cfa,8216.591203034965,,5000,1592.0,0.06867071986198425,
Case2,JacksonMS,60,cfa,8071.085344973493,,5000,1432.0,0.06866537779569626,
Case2,JacksonMS,70,cfa,8096.907079180545,,5000,1535.0,0.06863683462142944,
Case2,JacksonMS,80,cfa,8596.675888038191,,5000,1400.0,0.0686100423336029,
Case2,JacksonMS,90,cfa,8596.675888038191,,5000,1400.0,0.06860003620386124,
Case2,JacksonMS,95,cfa,8596.675888038191,,5000,1400.0,0.06860063970088959,
Case2,Kauai,50,cfb,6760.07957780732,3.0,4000,4899.0,0.06195959821343422,
Case2,Kauai,60,cfb,5259.767192336414,3.0,4000,5000.0,0.06126362830400467,
Case2,Kauai,70,cfb,5563.885985280503,3.0,4000,4686.0,0.060995783656835556,
Case2,Kauai,80,cfb,5352.468000450406,3.0,4000,4401.0,0.06062736362218857,
Case2,Kauai,90,cfb,4898.393023717598,3.0,4000,4201.0,0.06046897545456886,
Case2,Kauai,95,cfb,5402.4800219367835,3.0,4000,3817.0,0.06034776568412781,
Case2,KootenaiCountyID,50,dsb,8100.084375000001,,5000,1500.0,0.06871012598276138,
Case2,KootenaiCountyID,60,dsb,8100.084374999999,,5000,1500.0,0.06867002695798874,
Case2,KootenaiCountyID,70,dsb,8100.084374999999,,5000,1500.0,0.06867004930973053,
Case2,KootenaiCountyID,80,dsb,8304.66717377095,,5000,1498.0,0.06866338849067688,
Case2,KootenaiCountyID,90,dsb,8304.66717377095,,5000,1498.0,0.06865882128477097,
Case2,KootenaiCountyID,95,dsb,8304.66717377095,,5000,1498.0,0.06865893304347992,
Case2,LancasterPA,50,dfa,8262.14746664839,,5000,1578.0,0.06971549242734909,
Case2,LancasterPA,60,dfa,8025.284571634783,,5000,1362.0,0.06968014687299728,
Case2,LancasterPA,70,dfa,8632.917874464401,,5000,1403.0,0.06965187191963196,
Case2,LancasterPA,80,dfa,8119.871432064322,,5000,1406.0,0.06964465975761414,
Case2,LancasterPA,90,dfa,8632.9178744644,,5000,1403.0,0.06963744014501572,
Case2,LancasterPA,95,dfa,8632.9178744644,,5000,1403.0,0.06963827461004257,
Case2,LaredoTX,50,bsh,6971.343034243693,3.0,4000,6532.0,0.06553518027067184,
Case2,LaredoTX,60,bsh,6749.3919696861185,3.0,4000,5768.0,0.06456971913576126,
Case2,LaredoTX,70,bsh,6485.705780555215,3.0,4000,5457.0,0.06410631537437439,
Case2,LaredoTX,80,bsh,4930.74611440014,3.0,4000,5414.0,0.06367284059524536,
Case2,LaredoTX,90,bsh,5731.874850585588,3.0,4000,4637.0,0.06296835839748383,
Case2,LaredoTX,95,bsh,5679.942480446702,3.0,4000,4669.0,0.06297822296619415,
Case2,LincolnNE,50,dfa,6479.655733882544,3.0,4000,6124.0,0.0635308027267456,
Case2,LincolnNE,60,dfa,7282.041788991681,3.0,4000,5235.0,0.06307670474052429,
Case2,LincolnNE,70,dfa,6917.3453543230535,3.0,4000,4837.0,0.062381304800510406,
Case2,LincolnNE,80,dfa,6639.647904261896,3.0,4000,4562.0,0.06191988289356232,
Case2,LincolnNE,90,dfa,6446.961423353764,3.0,4000,4082.0,0.06128416955471039,
Case2,LincolnNE,95,dfa,5979.818496002347,3.0,4000,4219.0,0.06118236109614372,
Case2,LittleRockAR,50,cfa,8554.570450447698,,5000,1571.0,0.06846340745687485,
Case2,LittleRockAR,60,cfa,8350.95391026076,,5000,1513.0,0.0684199258685112,
Case2,LittleRockAR,70,cfa,8374.479356538974,,5000,1361.0,0.06841177493333817,
Case2,LittleRockAR,80,cfa,8374.479356538974,,5000,1361.0,0.0683954656124115,
Case2,LittleRockAR,90,cfa,8374.479356538974,,5000,1361.0,0.06839239597320557,
Case2,LittleRockAR,95,cfa,8374.479356538974,,5000,1361.0,0.06839314103126526,
Case2,Longview,50,csb,7749.646297477601,,5000,1707.0,0.07072728872299194,
Case2,Longview,60,csb,7800.081250000001,,5000,1500.0,0.07068190723657608,
Case2,Longview,70,csb,7855.759139698266,,5000,1548.0,0.07061871886253357,
Case2,Longview,80,csb,7855.759139698268,,5000,1548.0,0.07061261683702469,
Case2,Longview,90,csb,7724.659608333162,,5000,1449.0,0.0706186443567276,
Case2,Longview,95,csb,7800.081250000001,,5000,1500.0,0.07062511146068573,
Case2,LosAlamosNM,50,dfb,8193.45704237115,,5000,1654.0,0.06551626324653625,
Case2,LosAlamosNM,60,dfb,8189.395744643441,,5000,1581.0,0.06549698859453201,
Case2,LosAlamosNM,70,dfb,8203.114932175611,,5000,1712.0,0.06549036502838135,
Case2,LosAlamosNM,80,dfb,8203.114932175611,,5000,1712.0,0.06548067182302475,
Case2,LosAlamosNM,90,dfb,8203.114932175611,,5000,1712.0,0.06547796726226807,
Case2,LosAlamosNM,95,dfb,8203.114932175611,,5000,1712.0,0.06547638028860092,
Case2,MLR50Everglades,50,am,8516.002907793634,,5000,1758.0,0.06787563860416412,
Case2,MLR50Hilo,50,af,7470.077812499999,,5000,1500.0,0.0706058219075203,
Case2,MLR50Miami,50,af,7950.082812500001,,5000,1313.0,0.06345348805189133,
Case2,MLR60Everglades,60,am,8606.45030217381,,5000,1673.0,0.06783833354711533,
Case2,MLR60Hilo,60,af,7470.077812499999,,5000,1500.0,0.07055411487817764,
Case2,MLR60Miami,60,af,7950.082812500001,,5000,1313.0,0.06343391537666321,
Case2,MLR70Everglades,70,am,8728.943552921024,,5000,1523.0,0.0678141862154007,
Case2,MLR70Hilo,70,af,7470.077812499999,,5000,1500.0,0.070543073117733,
Case2,MLR70Miami,70,af,8100.084374999999,,5000,1500.0,0.06341036409139633,
Case2,MLR80Everglades,80,am,8331.322217064257,,5000,1688.0,0.06781591475009918,
Case2,MLR80Hilo,80,af,7470.077812499999,,5000,1500.0,0.0705447867512703,
Case2,MLR80Miami,80,af,8000.083333333336,,5000,1250.0,0.06341533362865448,
Case2,MLR90Everglades,90,am,8331.322217064257,,5000,1688.0,0.0678110420703888,
Case2,MLR90Hilo,90,af,7586.3636802959145,,5000,1444.0,0.0705236941576004,
Case2,MLR90Miami,90,af,8000.083333333336,,5000,1250.0,0.06341070681810379,
Case2,MLR95Everglades,95,am,8331.322217064257,,5000,1688.0,0.06781050562858582,
Case2,MLR95Hilo,95,af,7586.363680295914,,5000,1444.0,0.07052509486675262,
Case2,MLR95Miami,95,af,8000.083333333336,,5000,1250.0,0.06341070681810379,
Case2,MarlintonWV,50,cfb,7800.081250000001,,5000,1500.0,0.0698922872543335,
Case2,MarlintonWV,60,cfb,8100.084374999999,,5000,1500.0,0.06983460485935211,
Case2,MarlintonWV,70,cfb,8100.084374999999,,5000,1500.0,0.06981877237558365,
Case2,MarlintonWV,80,cfb,8100.084374999999,,5000,1500.0,0.06980714201927185,
Case2,MarlintonWV,90,cfb,7800.081250000001,,5000,1500.0,0.06980764865875244,
Case2,MarlintonWV,95,cfb,7800.081250000001,,5000,1500.0,0.06980952620506287,
Case2,MedfordOR,50,csa,8330.790648466314,,5000,1531.0,0.06808598339557648,
Case2,MedfordOR,60,csa,8400.087499999998,,5000,1500.0,0.06802355498075485,
Case2,MedfordOR,70,csa,8400.087499999998,,5000,1500.0,0.06799174100160599,
Case2,MedfordOR,80,csa,8506.985516643575,,5000,1456.0,0.06797327846288681,
Case2,MedfordOR,90,csa,8506.985516643575,,5000,1456.0,0.06797490268945694,
Case2,MedfordOR,95,csa,8506.985516643575,,5000,1456.0,0.06797411292791367,
Case2,MemphisTN,50,cfa,8250.55136591191,,5000,1608.0,0.06856898963451385,
Case2,MemphisTN,60,cfa,8250.55136591191,,5000,1608.0,0.06855117529630661,
Case2,MemphisTN,70,cfa,8331.322217064257,,5000,1688.0,0.06854239851236343,
Case2,MemphisTN,80,cfa,8324.96845613211,,5000,1230.0,0.0685366690158844,
Case2,MemphisTN,90,cfa,8302.815483297229,,5000,1251.0,0.0685187503695488,
Case2,MemphisTN,95,cfa,8302.815483297229,,5000,1251.0,0.06851845979690552,
Case2,MobileAL,50,cfa,8690.750121551591,,5000,1566.0,0.06848882883787155,
Case2,MobileAL,60,cfa,8617.261775219478,,5000,1548.0,0.06846018135547638,
Case2,MobileAL,70,cfa,8559.468956720826,,5000,1460.0,0.06845735758543015,
Case2,MobileAL,80,cfa,8559.468956720826,,5000,1460.0,0.06845293939113617,
Case2,MobileAL,90,cfa,8559.468956720826,,5000,1460.0,0.06845249235630035,
Case2,MobileAL,95,cfa,8569.22392412493,,5000,1381.0,0.06845063716173172,
Case2,MoscowID,50,csb,8100.084374999999,,5000,1500.0,0.06858250498771667,
Case2,MoscowID,60,csb,8400.0875,,5000,1500.0,0.06853923201560974,
Case2,MoscowID,70,csb,8400.0875,,5000,1500.0,0.0685204416513443,
Case2,MoscowID,80,csb,8400.0875,,5000,1500.0,0.06851304322481155,
Case2,MoscowID,90,csb,8400.0875,,5000,1500.0,0.06851411610841751,
Case2,MoscowID,95,csb,8400.0875,,5000,1500.0,0.06851021945476532,
Case2,NOLA,50,cfa,8842.969310961647,,5000,1570.0,0.06898856163024902,
Case2,NOLA,60,cfa,8810.569011106214,,5000,1474.0,0.0689634382724762,
Case2,NOLA,70,cfa,8559.468956720826,,5000,1460.0,0.0689302384853363,
Case2,NOLA,80,cfa,8370.454899503864,,5000,1511.0,0.06892430782318115,
Case2,NOLA,90,cfa,8367.827977515646,,5000,1513.0,0.06892649084329605,
Case2,NOLA,95,cfa,8367.827977515646,,5000,1513.0,0.06892917305231094,
Case2,NeahBay,50,cfb,6910.389803838059,,5000,1641.0,0.07203129678964615,
Case2,NeahBay,60,cfb,6910.389803838059,,5000,1641.0,0.07196185737848282,
Case2,NeahBay,70,cfb,7004.6876003585,,5000,1637.0,0.07191085815429688,
Case2,NeahBay,80,cfb,7282.694337104132,,5000,1571.0,0.071881502866745,
Case2,NeahBay,90,cfb,7224.504600030626,,5000,1584.0,0.0718640461564064,
Case2,NeahBay,95,cfb,7252.302992013632,,5000,1612.0,0.07186942547559738,
Case2,OKCity,50,cfa,7200.075,3.0,4000,6000.0,0.06385663896799088,
Case2,OKCity,60,cfa,5856.8375541683345,3.0,4000,6132.0,0.06323958188295364,
Case2,OKCity,70,cfa,6918.610826156689,3.0,4000,5334.0,0.06292174011468887,
Case2,OKCity,80,cfa,6446.492034119806,3.0,4000,4848.0,0.0621473491191864,
Case2,OKCity,90,cfa,5791.797746970607,3.0,4000,4740.0,0.061683882027864456,
Case2,OKCity,95,cfa,5710.07517200854,3.0,4000,4655.0,0.061543289572000504,
Case2,ORNL,50,cfa,8400.0875,,5000,1500.0,0.0684136375784874,
Case2,ORNL,60,cfa,8400.0875,,5000,1500.0,0.06836143881082535,
Case2,ORNL,70,cfa,8400.0875,,5000,1500.0,0.06833630055189133,
Case2,ORNL,80,cfa,8400.0875,,5000,1500.0,0.06833217293024063,
Case2,ORNL,90,cfa,8400.0875,,5000,1500.0,0.06832204759120941,
Case2,ORNL,95,cfa,8400.0875,,5000,1500.0,0.06832244992256165,
Case2,PhoenixAZ,50,bwh,8088.978005269543,,5000,1422.0,0.06451601535081863,
Case2,PhoenixAZ,60,bwh,8250.085937500002,,5000,1312.0,0.06451888382434845,
Case2,PhoenixAZ,70,bwh,8400.087500000001,,5000,1500.0,0.06449635326862335,
Case2,PhoenixAZ,80,bwh,8400.087500000001,,5000,1500.0,0.06447847932577133,
Case2,PhoenixAZ,90,bwh,8400.0875,,5000,1500.0,0.06446070224046707,
Case2,PhoenixAZ,95,bwh,8400.087500000001,,5000,1500.0,0.06446070224046707,
Case2,PrescottAZ,50,csa,8164.946707077326,,5000,1474.0,0.06434764713048935,
Case2,PrescottAZ,60,csa,8100.084374999999,,5000,1500.0,0.06430860608816147,
Case2,PrescottAZ,70,csa,8100.084374999999,,5000,1500.0,0.06427665054798126,
Case2,PrescottAZ,80,csa,8100.084374999999,,5000,1500.0,0.06427128612995148,
Case2,PrescottAZ,90,csa,8100.084374999999,,5000,1500.0,0.06426549702882767,
Case2,PrescottAZ,95,csa,8100.084374999999,,5000,1500.0,0.06426549702882767,
Case2,Pueblo,50,bsk,8623.216629875986,,5000,1633.0,0.06583092361688614,
Case2,Pueblo,60,bsk,8623.216629875986,,5000,1633.0,0.06576593220233917,
Case2,Pueblo,70,bsk,8323.852718075972,,5000,1382.0,0.06575179845094681,
Case2,Pueblo,80,bsk,8323.852718075972,,5000,1382.0,0.06574046611785889,
Case2,Pueblo,90,bsk,8323.852718075972,,5000,1382.0,0.06572627276182175,
Case2,Pueblo,95,bsk,8323.852718075972,,5000,1382.0,0.06572654843330383,
Case2,RaleighNC,50,cfa,8273.021276899977,,5000,1516.0,0.0678156316280365,
Case2,RaleighNC,60,cfa,8279.913431159885,,5000,1598.0,0.06780339032411575,
Case2,RaleighNC,70,cfa,8794.62940309254,,5000,1386.0,0.06775981187820435,
Case2,RaleighNC,80,cfa,8794.62940309254,,5000,1386.0,0.06775300204753876,
Case2,RaleighNC,90,cfa,8794.62940309254,,5000,1386.0,0.06774788349866867,
Case2,RaleighNC,95,cfa,8794.62940309254,,5000,1386.0,0.06774788349866867,
Case2,RapidCitySD,50,bsk,8550.0890625,,5000,1687.0,0.0674130842089653,
Case2,RapidCitySD,60,bsk,8179.790806747976,3.0,4000,7072.0,0.06693276017904282,
Case2,RapidCitySD,70,bsk,7402.330381867949,2.0,4000,8425.0,0.0661713182926178,
Case2,RapidCitySD,80,bsk,7326.248570610233,2.0,4000,7752.0,0.06540536880493164,
Case2,RapidCitySD,90,bsk,7346.672944181862,2.0,4000,7365.0,0.06501995027065277,
Case2,RapidCitySD,95,bsk,7220.543013279476,2.0,4000,7249.0,0.06484431773424149,
Case2,ReddingCA,50,csa,8411.088797443068,,5000,1679.0,0.06627588719129562,
Case2,ReddingCA,60,csa,8436.525167484311,,5000,1620.0,0.06623443216085434,
Case2,ReddingCA,70,csa,8494.476647509395,,5000,1537.0,0.06618917733430862,
Case2,ReddingCA,80,csa,8400.087499999998,,5000,1500.0,0.0661848783493042,
Case2,ReddingCA,90,csa,8400.087499999998,,5000,1500.0,0.06617405265569687,
Case2,ReddingCA,95,csa,8400.087499999998,,5000,1500.0,0.06617405265569687,
Case2,RichmondVA,50,cfa,8296.74295417049,,5000,1725.0,0.06863564997911453,
Case2,RichmondVA,60,cfa,8590.868746581753,,5000,1585.0,0.06858746707439423,
Case2,RichmondVA,70,cfa,8491.177941505224,,5000,1512.0,0.06857798248529434,
Case2,RichmondVA,80,cfa,8639.526110978111,,5000,1491.0,0.06856340914964676,
Case2,RichmondVA,90,cfa,8639.526110978111,,5000,1491.0,0.06855392456054688,
Case2,RichmondVA,95,cfa,8639.526110978111,,5000,1491.0,0.06855393201112747,
Case2,Sacramento,50,csa,8537.759886621287,,5000,1703.0,0.06601298600435257,
Case2,Sacramento,60,csa,8164.892329049068,,5000,1604.0,0.06599314510822296,
Case2,Sacramento,70,csa,8400.087499999998,,5000,1500.0,0.06596080958843231,
Case2,Sacramento,80,csa,8400.087499999998,,5000,1500.0,0.06592276692390442,
Case2,Sacramento,90,csa,8390.734612354781,,5000,1565.0,0.06591196358203888,
Case2,Sacramento,95,csa,8390.734612354781,,5000,1565.0,0.06591237336397171,
Case2,SouthBendIN,50,dfa,7991.114456931692,,5000,1671.0,0.06940484791994095,
Case2,SouthBendIN,60,dfa,8100.084374999999,,5000,1500.0,0.06937525421380997,
Case2,SouthBendIN,70,dfa,8100.084374999999,,5000,1500.0,0.0693335011601448,
Case2,SouthBendIN,80,dfa,8100.084374999999,,5000,1500.0,0.06932535022497177,
Case2,SouthBendIN,90,dfa,7318.093629932433,3.0,4000,9429.0,0.06818526238203049,
Case2,SouthBendIN,95,dfa,7192.4139463415395,3.0,4000,9269.0,0.06791172176599503,
Case2,Syracuse,50,dfb,7602.226241284639,,5000,1657.0,0.07054583728313446,
Case2,Syracuse,60,dfb,8008.868545103139,,5000,1529.0,0.07049398869276047,
Case2,Syracuse,70,dfb,8046.852472674108,,5000,1481.0,0.07049358636140823,
Case2,Syracuse,80,dfb,8046.852472674108,,5000,1481.0,0.07045673578977585,
Case2,Syracuse,90,dfb,8046.852472674108,,5000,1481.0,0.07045155018568039,
Case2,Syracuse,95,dfb,8046.852472674108,,5000,1481.0,0.07045469433069229,
Case2,TexasOil,50,bsh,6700.683318666182,2.0,4000,6712.0,0.062005072832107544,
Case2,TexasOil,60,bsh,7161.1928346911045,3.0,4000,4481.0,0.06146468594670296,
Case2,TexasOil,70,bsh,5801.586397846895,3.0,4000,4621.0,0.06088075786828995,
Case2,TexasOil,80,bsh,5881.22081912367,3.0,4000,4146.0,0.06040797382593155,
Case2,TexasOil,90,bsh,5856.688850835998,2.0,4000,5393.0,0.06020940840244293,
Case2,TexasOil,95,bsh,5612.9082104573945,2.0,4000,5246.0,0.06005416065454483,
Case2,UPMich,50,dfb,7164.456780833532,,5000,1552.0,0.07138708978891373,
Case2,UPMich,60,dfb,7350.076562500001,,5000,1688.0,0.07127665728330612,
Case2,UPMich,70,dfb,7329.854105443323,,5000,1547.0,0.07124840468168259,
Case2,UPMich,80,dfb,7200.075000000002,,5000,1500.0,0.07125625014305115,
Case2,UPMich,90,dfb,7196.042198327824,,5000,1463.0,0.07124771177768707,
Case2,UPMich,95,dfb,7196.042198327824,,5000,1463.0,0.0712461769580841,
Case2,VegasNV,50,bwh,8115.571150056546,,5000,1349.0,0.06379891186952591,
Case2,VegasNV,60,bwh,8144.358586010473,,5000,1440.0,0.06378746777772903,
Case2,VegasNV,70,bwh,8144.358586010475,,5000,1440.0,0.06374595314264297,
Case2,VegasNV,80,bwh,8144.358586010475,,5000,1440.0,0.06373181194067001,
Case2,VegasNV,90,bwh,8144.358586010475,,5000,1440.0,0.06372321397066116,
Case2,VegasNV,95,bwh,8144.358586010475,,5000,1440.0,0.06372062861919403,
Case2,WadenaMN,50,dfa,6881.702951820573,3.0,4000,6117.0,0.06388506293296814,
Case2,WadenaMN,60,dfa,6134.596255126729,3.0,4000,5772.0,0.0629703477025032,
Case2,WadenaMN,70,dfa,7099.77005953125,3.0,4000,5038.0,0.0628504604101181,
Case2,WadenaMN,80,dfa,5083.047579640504,3.0,4000,5654.0,0.062307026237249374,
Case2,WadenaMN,90,dfa,5626.052921771453,3.0,4000,4750.0,0.061542462557554245,
Case2,WadenaMN,95,dfa,5613.49211190968,3.0,4000,4640.0,0.061421435326337814,
Case2,YumaAZ,50,bwh,8400.087500000001,,5000,1500.0,0.06444486230611801,
Case2,YumaAZ,60,bwh,8100.084375000001,,5000,1500.0,0.0644143596291542,
Case2,YumaAZ,70,bwh,8400.087500000001,,5000,1500.0,0.06438105553388596,
Case2,YumaAZ,80,bwh,8400.087500000001,,5000,1500.0,0.06436340510845184,
Case2,YumaAZ,90,bwh,8400.087500000001,,5000,1500.0,0.06435678154230118,
Case2,YumaAZ,95,bwh,8400.087500000001,,5000,1500.0,0.06435859948396683,
Case3,Anchorage,50,dfc,25055.175300209667,,4000,14487.0,0.13787275552749634,
Case3,Anchorage,60,dfc,25055.175300209667,,4000,14487.0,0.13787275552749634,
Case3,Anchorage,70,dfc,25055.175300209667,,4000,14487.0,0.13783735036849976,
Case3,Anchorage,80,dfc,24000.249999999996,,4000,15000.0,0.13726812601089478,
Case3,Anchorage,90,dfc,23875.686205523947,,4000,14064.0,0.13609160482883453,
Case3,Anchorage,95,dfc,22359.557211285173,,4000,14421.0,0.13502341508865356,
Case3,Ashland,50,dfb,13815.233050316774,4.0,4000,10887.0,0.12127133458852768,
Case3,Ashland,60,dfb,13815.233050316774,4.0,4000,10887.0,0.12127133458852768,
Case3,Ashland,70,dfb,13563.39050880381,3.0,4000,13523.0,0.12133228778839111,
Case3,Ashland,80,dfb,12579.189246867436,4.0,4000,13690.0,0.12106718122959137,
Case3,Ashland,90,dfb,13006.609608512588,3.0,4000,13566.0,0.1202043890953064,
Case3,Ashland,95,dfb,12590.404935805404,3.0,4000,14107.0,0.12003763765096664,
Case3,AtlantaGA,50,cfa,20366.301099857643,,4000,14849.0,0.12915197014808655,
Case3,AtlantaGA,60,cfa,20366.301099857643,,4000,14849.0,0.12915197014808655,
Case3,AtlantaGA,70,cfa,22000.229166666668,,4000,13750.0,0.12966018915176392,
Case3,AtlantaGA,80,cfa,16703.30410742365,1.0,4000,16418.0,0.12932689487934113,
Case3,AtlantaGA,90,cfa,18855.452164911443,,4000,15655.0,0.12822842597961426,
Case3,AtlantaGA,95,cfa,18648.55980213147,,4000,15706.0,0.12807177007198334,
Case3,BangorME,50,dfb,18087.25811279698,3.0,4000,15350.0,0.1335025429725647,
Case3,BangorME,60,dfb,18087.25811279698,3.0,4000,15350.0,0.1335025429725647,
Case3,BangorME,70,dfb,18087.25811279698,3.0,4000,15350.0,0.1333644688129425,
Case3,BangorME,80,dfb,20650.3521653691,1.0,4000,15037.0,0.13318857550621033,
Case3,BangorME,90,dfb,17678.69542449184,3.0,4000,14822.0,0.13156196475028992,
Case3,BangorME,95,dfb,16953.693195590095,3.0,4000,14770.0,0.13067562878131866,
Case3,BendOre,50,bsk,11859.429000136663,3.0,4000,12972.0,0.12241823226213455,
Case3,BendOre,60,bsk,11859.429000136663,3.0,4000,12972.0,0.12241823226213455,
Case3,BendOre,70,bsk,13480.492472827074,2.0,4000,12016.0,0.12193958461284637,
Case3,BendOre,80,bsk,13036.732966168795,2.0,4000,12360.0,0.12145821005105972,
Case3,BendOre,90,bsk,10764.323744318874,2.0,4000,13717.0,0.12048326432704926,
Case3,BendOre,95,bsk,11371.222664342302,3.0,4000,12108.0,0.12051577121019363,
Case3,BentonCountyOregon,50,csb,16500.171875000004,,4000,14375.0,0.12665218114852905,
Case3,BentonCountyOregon,60,csb,16500.171875000004,,4000,14375.0,0.12665218114852905,
Case3,BentonCountyOregon,70,csb,16500.171875000004,,4000,14375.0,0.12662462890148163,
Case3,BentonCountyOregon,80,csb,15543.834738202697,,4000,14493.0,0.1258649080991745,
Case3,BentonCountyOregon,90,csb,16340.962002469554,,4000,13596.0,0.12546363472938538,
Case3,BentonCountyOregon,95,csb,15346.298792849648,,4000,13437.0,0.12438113242387772,
Case3,BirminghamAL,50,cfa,22000.229166666664,,4000,16250.0,0.13219979405403137,
Case3,BirminghamAL,60,cfa,22000.229166666664,,4000,16250.0,0.13219979405403137,
Case3,BirminghamAL,70,cfa,22028.130430970738,,4000,16002.0,0.13194476068019867,
Case3,BirminghamAL,80,cfa,20000.20833333333,,4000,17500.0,0.13149160146713257,
Case3,BirminghamAL,90,cfa,20505.60822527038,,4000,16271.0,0.13061845302581787,
Case3,BirminghamAL,95,cfa,20387.712369791665,,4000,15766.0,0.12993398308753967,
Case3,BismarckND,50,dfb,10085.551975488775,5.0,3000,19607.0,0.10486559569835663,
Case3,BismarckND,60,dfb,10085.551975488775,5.0,3000,19607.0,0.10486559569835663,
Case3,BismarckND,70,dfb,10005.182154732713,5.0,3000,19590.0,0.10477226972579956,
Case3,BismarckND,80,dfb,11904.204021836857,4.0,3000,18972.0,0.10421644151210785,
Case3,BismarckND,90,dfb,10490.473174851888,5.0,3000,17768.0,0.10335839539766312,
Case3,BismarckND,95,dfb,11461.517499612914,4.0,3000,18503.0,0.1032329574227333,
Case3,BlaineCountyMontan,50,abs,14695.424035957034,4.0,3000,18203.0,0.10651932656764984,
Case3,BlaineCountyMontan,60,abs,14695.424035957034,4.0,3000,18203.0,0.10651932656764984,
Case3,BlaineCountyMontan,70,abs,12873.802324383409,4.0,3000,19492.0,0.10599964112043381,
Case3,BlaineCountyMontan,80,abs,12678.80785611722,4.0,3000,19363.0,0.10564129799604416,
Case3,BlaineCountyMontan,90,abs,10644.980173666785,4.0,3000,21076.0,0.10535800457000732,
Case3,BlaineCountyMontan,95,abs,11868.507099934215,5.0,3000,18402.0,0.10549051314592361,
Case3,BoiseID,50,bsk,13241.216333159553,,4000,13265.0,0.11981803178787231,
Case3,BoiseID,60,bsk,13241.216333159553,,4000,13265.0,0.11981803178787231,
Case3,BoiseID,70,bsk,10439.743509815933,2.0,4000,10646.0,0.11967631429433823,
Case3,BoiseID,80,bsk,14000.145833333332,,4000,12500.0,0.11955099552869797,
Case3,BoiseID,90,bsk,10379.135566785724,1.0,4000,11672.0,0.11834733933210373,
Case3,BoiseID,95,bsk,10281.369101194903,1.0,4000,11976.0,0.11846032738685608,
Case3,BrewsterMA,50,dfb,7817.19718940022,4.0,4000,9167.0,0.10495173931121826,
Case3,BrewsterMA,60,dfb,7817.19718940022,4.0,4000,9167.0,0.10495173931121826,
Case3,BrewsterMA,70,dfb,7667.620604490284,4.0,4000,10106.0,0.10517933964729309,
Case3,BrewsterMA,80,dfb,7714.570377291098,4.0,4000,9708.0,0.10495626926422119,
Case3,BrewsterMA,90,dfb,6961.159307555846,4.0,4000,9690.0,0.10450339317321777,
Case3,BrewsterMA,95,dfb,6549.870534114264,4.0,4000,9844.0,0.10430554300546646,
Case3,BurlingtonVT,50,dfa,22500.234374999996,,4000,15625.0,0.134052574634552,
Case3,BurlingtonVT,60,dfa,22500.234374999996,,4000,15625.0,0.134052574634552,
Case3,BurlingtonVT,70,dfa,22379.764510265275,,4000,15538.0,0.13385286927223206,
Case3,BurlingtonVT,80,dfa,20133.10117141057,2.0,4000,13868.0,0.13337044417858124,
Case3,BurlingtonVT,90,dfa,18504.272749100735,3.0,4000,13653.0,0.1323935091495514,
Case3,BurlingtonVT,95,dfa,16345.889741332827,3.0,4000,15509.0,0.13195672631263733,
Case3,Buttonwillow,50,bwk,12500.130208333328,,4000,14375.0,0.11926598846912384,
Case3,Buttonwillow,60,bwk,12500.130208333328,,4000,14375.0,0.11926598846912384,
Case3,Buttonwillow,70,bwk,11301.47469119493,,4000,15072.0,0.11908449977636337,
Case3,Buttonwillow,80,bwk,11301.47469119493,,4000,15072.0,0.11893121898174286,
Case3,Buttonwillow,90,bwk,11301.47469119493,,4000,15072.0,0.11874465644359589,
Case3,Buttonwillow,95,bwk,13000.135416666662,,4000,13750.0,0.11872070282697678,
Case3,CarsonCityNV,50,bsk,13006.053446203761,,4000,14587.0,0.12264963239431381,
Case3,CarsonCityNV,60,bsk,13006.053446203761,,4000,14587.0,0.12264963239431381,
Case3,CarsonCityNV,70,bsk,12695.141524135106,,4000,15036.0,0.12281513214111328,
Case3,CarsonCityNV,80,bsk,12765.221321283123,,4000,15112.0,0.12272586673498154,
Case3,CarsonCityNV,90,bsk,12608.833114636627,,4000,14604.0,0.12193731963634491,
Case3,CarsonCityNV,95,bsk,13386.82292463325,,4000,13886.0,0.12178171426057816,
Case3,CheyenneWY,50,bsk,6991.134867053311,4.0,4000,9746.0,0.1054338663816452,
Case3,CheyenneWY,60,bsk,6991.134867053311,4.0,4000,9746.0,0.1054338663816452,
Case3,CheyenneWY,70,bsk,7024.339534501345,4.0,4000,9611.0,0.10535390675067902,
Case3,CheyenneWY,80,bsk,7052.112586787153,4.0,4000,9506.0,0.10520746558904648,
Case3,CheyenneWY,90,bsk,7163.637719422857,4.0,4000,9326.0,0.10498154908418655,
Case3,CheyenneWY,95,bsk,6803.656566555347,4.0,4000,8817.0,0.10474193096160889,
Case3,Chicago,50,dfa,10157.155515378392,4.0,4000,11171.0,0.11268814653158188,
Case3,Chicago,60,dfa,10157.155515378392,4.0,4000,11171.0,0.11268814653158188,
Case3,Chicago,70,dfa,9963.08670851595,4.0,4000,11281.0,0.11253112554550171,
Case3,Chicago,80,dfa,9836.340088582274,4.0,4000,11707.0,0.11237100511789322,
Case3,Chicago,90,dfa,9506.32086601776,4.0,4000,11763.0,0.11195933818817139,
Case3,Chicago,95,dfa,8709.089355153688,4.0,4000,11499.0,0.11139494180679321,
Case3,CoalvilleUT,50,dfb,10795.04663734777,1.0,4000,11735.0,0.11895629018545151,
Case3,CoalvilleUT,60,dfb,10795.04663734777,1.0,4000,11735.0,0.11895629018545151,
Case3,CoalvilleUT,70,dfb,10795.04663734777,1.0,4000,11735.0,0.11889590322971344,
Case3,CoalvilleUT,80,dfb,14000.145833333334,,4000,12500.0,0.119163379073143,
Case3,CoalvilleUT,90,dfb,10647.05477695501,,4000,13805.0,0.11777492612600327,
Case3,CoalvilleUT,95,dfb,10769.42214354486,,4000,13865.0,0.11786316335201263,
Case3,ColumbiaMO,50,cfa,11279.895476495962,4.0,4000,13339.0,0.12091311812400818,
Case3,ColumbiaMO,60,cfa,11279.895476495962,4.0,4000,13339.0,0.12091311812400818,
Case3,ColumbiaMO,70,cfa,11946.443335574599,4.0,4000,13300.0,0.12124565988779068,
Case3,ColumbiaMO,80,cfa,10841.805155825929,3.0,4000,15104.0,0.12075882405042648,
Case3,ColumbiaMO,90,cfa,11558.192004951099,3.0,4000,13550.0,0.1194336861371994,
Case3,ColumbiaMO,95,cfa,12369.543685660989,3.0,4000,12949.0,0.11949622631072998,
Case3,ColumbusOH,50,dfa,16888.620116740523,3.0,4000,12184.0,0.12560516595840454,
Case3,ColumbusOH,60,dfa,16888.620116740523,3.0,4000,12184.0,0.12560516595840454,
Case3,ColumbusOH,70,dfa,16675.284632532203,3.0,4000,12135.0,0.12521275877952576,
Case3,ColumbusOH,80,dfa,14529.889201031625,4.0,4000,13175.0,0.12482959032058716,
Case3,ColumbusOH,90,dfa,15330.989411057855,3.0,4000,12759.0,0.12385143339633942,
Case3,ColumbusOH,95,dfa,12295.287882605622,4.0,4000,12890.0,0.12274464219808578,
Case3,CrestedButteCO,50,dfc,15568.863438756322,,4000,14131.0,0.1217876598238945,
Case3,CrestedButteCO,60,dfc,15568.863438756322,,4000,14131.0,0.1217876598238945,
Case3,CrestedButteCO,70,dfc,15568.863438756322,,4000,14131.0,0.12177674472332001,
Case3,CrestedButteCO,80,dfc,15159.810901144312,,4000,14131.0,0.12136954069137573,
Case3,CrestedButteCO,90,dfc,12121.26223166658,,4000,16614.0,0.12115341424942017,
Case3,CrestedButteCO,95,dfc,11653.775841770454,,4000,15788.0,0.11995799839496613,
Case3,DesMoinesIA,50,dfa,7902.433657800894,4.0,4000,6988.0,0.10850503295660019,
Case3,DesMoinesIA,60,dfa,7902.433657800894,4.0,4000,6988.0,0.10850503295660019,
Case3,DesMoinesIA,70,dfa,7902.496216369624,4.0,4000,7084.0,0.1084667295217514,
Case3,DesMoinesIA,80,dfa,7579.892173232366,4.0,4000,6672.0,0.10815144330263138,
Case3,DesMoinesIA,90,dfa,7368.345109295568,4.0,4000,6792.0,0.10789462924003601,
Case3,DesMoinesIA,95,dfa,7546.6081388483235,4.0,4000,6053.0,0.10755284875631332,
Case3,DetroitMI,50,dfa,9922.858574750127,4.0,4000,10407.0,0.11195723712444305,
Case3,DetroitMI,60,dfa,9922.858574750127,4.0,4000,10407.0,0.11195723712444305,
Case3,DetroitMI,70,dfa,9787.367856564684,4.0,4000,10758.0,0.11192215234041214,
Case3,DetroitMI,80,dfa,9860.102885006701,4.0,4000,10562.0,0.111757293343544,
Case3,DetroitMI,90,dfa,9906.371016294572,4.0,4000,9593.0,0.1112823635339737,
Case3,DetroitMI,95,dfa,9703.61170892952,4.0,4000,8967.0,0.11091464757919312,
Case3,EielsonAFB,50,dfc,23258.491083991707,,4000,17274.0,0.1397646963596344,
Case3,EielsonAFB,60,dfc,23258.491083991707,,4000,17274.0,0.1397646963596344,
Case3,EielsonAFB,70,dfc,24949.928090044043,,4000,14988.0,0.1390698105096817,
Case3,EielsonAFB,80,dfc,20609.24830368883,3.0,4000,12752.0,0.13717541098594666,
Case3,EielsonAFB,90,dfc,20448.064342223686,2.0,4000,13252.0,0.13586661219596863,
Case3,EielsonAFB,95,dfc,20632.369500205346,2.0,4000,12555.0,0.13518129289150238,
Case3,Flagstaff,50,dsb,10784.335691693768,3.0,4000,12246.0,0.11757393926382065,
Case3,Flagstaff,60,dsb,10784.335691693768,3.0,4000,12246.0,0.11757393926382065,
Case3,Flagstaff,70,dsb,10371.166188844025,4.0,4000,11426.0,0.11780672520399094,
Case3,Flagstaff,80,dsb,11966.575597812935,3.0,4000,10697.0,0.11694543808698654,
Case3,Flagstaff,90,dsb,10949.007723673165,3.0,4000,11565.0,0.11626805365085602,
Case3,Flagstaff,95,dsb,10954.162630302964,3.0,4000,10790.0,0.1159871444106102,
Case3,GreatFallsMT,50,bsk,8664.6838362623,4.0,4000,11319.0,0.11194856464862823,
Case3,GreatFallsMT,60,bsk,8664.6838362623,4.0,4000,11319.0,0.11194856464862823,
Case3,GreatFallsMT,70,bsk,8895.48421225963,4.0,4000,10893.0,0.11189751327037811,
Case3,GreatFallsMT,80,bsk,8507.517733985938,4.0,4000,11044.0,0.11160331964492798,
Case3,GreatFallsMT,90,bsk,9415.309451802796,3.0,4000,10319.0,0.11128455400466919,
Case3,GreatFallsMT,95,bsk,8276.612619188949,4.0,4000,11002.0,0.111221544444561,
Case3,IdahoFalls,50,dfb,9895.018729338022,2.0,4000,10231.0,0.1176808550953865,
Case3,IdahoFalls,60,dfb,9895.018729338022,2.0,4000,10231.0,0.1176808550953865,
Case3,IdahoFalls,70,dfb,9917.564832584225,2.0,4000,10507.0,0.11772816628217697,
Case3,IdahoFalls,80,dfb,10024.744809373527,2.0,4000,10086.0,0.1174522191286087,
Case3,IdahoFalls,90,dfb,10856.335031833763,2.0,4000,9286.0,0.11731075495481491,
Case3,IdahoFalls,95,dfb,10356.903915879326,2.0,4000,9283.0,0.11699367314577103,
Case3,JacksonMS,50,cfa,18000.187499999996,,4000,18750.0,0.13093586266040802,
Case3,JacksonMS,60,cfa,18000.187499999996,,4000,18750.0,0.13093586266040802,
Case3,JacksonMS,70,cfa,17768.346906806542,,4000,18958.0,0.13091246783733368,
Case3,JacksonMS,80,cfa,18453.56715490616,,4000,17868.0,0.13037803769111633,
Case3,JacksonMS,90,cfa,17886.121335729087,,4000,17331.0,0.1292220950126648,
Case3,JacksonMS,95,cfa,18849.36208082294,,4000,16286.0,0.12897945940494537,
Case3,Kauai,50,cfb,12039.061699108492,4.0,3000,18632.0,0.10335609316825867,
Case3,Kauai,60,cfb,12039.061699108492,4.0,3000,18632.0,0.10335609316825867,
Case3,Kauai,70,cfb,12039.061699108492,4.0,3000,18632.0,0.10334872454404831,
Case3,Kauai,80,cfb,10083.224760133082,5.0,3000,18192.0,0.10279230028390884,
Case3,Kauai,90,cfb,10474.442033680409,5.0,3000,17203.0,0.10215938091278076,
Case3,Kauai,95,cfb,10393.784440140007,5.0,3000,17100.0,0.10195326060056686,
Case3,KootenaiCountyID,50,dsb,15382.972737630214,,4000,14971.0,0.12558162212371826,
Case3,KootenaiCountyID,60,dsb,15382.972737630214,,4000,14971.0,0.12558162212371826,
Case3,KootenaiCountyID,70,dsb,15029.05054586328,,4000,15662.0,0.1259249746799469,
Case3,KootenaiCountyID,80,dsb,15000.15625,,4000,15000.0,0.12515802681446075,
Case3,KootenaiCountyID,90,dsb,15659.26325844574,,4000,14144.0,0.124699667096138,
Case3,KootenaiCountyID,95,dsb,15000.156249999998,,4000,13750.0,0.12372580170631409,
Case3,LancasterPA,50,dfa,19517.048015957753,3.0,4000,13443.0,0.13177743554115295,
Case3,LancasterPA,60,dfa,19517.048015957753,3.0,4000,13443.0,0.13177743554115295,
Case3,LancasterPA,70,dfa,18951.51871995527,3.0,4000,14243.0,0.13190385699272156,
Case3,LancasterPA,80,dfa,16915.321233706967,3.0,4000,15506.0,0.13073571026325226,
Case3,LancasterPA,90,dfa,19613.08758522871,2.0,4000,13456.0,0.1300121247768402,
Case3,LancasterPA,95,dfa,17348.050439110248,3.0,4000,13805.0,0.12900660932064056,
Case3,LaredoTX,50,bsh,12618.54272058326,4.0,3000,19834.0,0.10841075330972672,
Case3,LaredoTX,60,bsh,12618.54272058326,4.0,3000,19834.0,0.10841075330972672,
Case3,LaredoTX,70,bsh,12618.54272058326,4.0,3000,19834.0,0.10839623212814331,
Case3,LaredoTX,80,bsh,11420.62351565408,5.0,3000,18802.0,0.1081114113330841,
Case3,LaredoTX,90,bsh,11153.464995435897,4.0,3000,20668.0,0.10777644068002701,
Case3,LaredoTX,95,bsh,12659.04350778312,4.0,3000,19020.0,0.10751786082983017,
Case3,LincolnNE,50,dfa,13709.037717688065,4.0,3000,18927.0,0.10605049133300781,
Case3,LincolnNE,60,dfa,13709.037717688065,4.0,3000,18927.0,0.10605049133300781,
Case3,LincolnNE,70,dfa,12230.496728450082,4.0,3000,20557.0,0.1061619222164154,
Case3,LincolnNE,80,dfa,11125.84723227144,5.0,3000,19120.0,0.10545235872268677,
Case3,LincolnNE,90,dfa,10871.731817287004,5.0,3000,19019.0,0.10508712381124496,
Case3,LincolnNE,95,dfa,11226.821829434015,5.0,3000,18130.0,0.10450325161218643,
Case3,LittleRockAR,50,cfa,16309.1856340689,3.0,4000,13228.0,0.1267920285463333,
Case3,LittleRockAR,60,cfa,16309.1856340689,3.0,4000,13228.0,0.1267920285463333,
Case3,LittleRockAR,70,cfa,16383.964251996058,3.0,4000,12936.0,0.1265454739332199,
Case3,LittleRockAR,80,cfa,14774.291769004274,2.0,4000,15308.0,0.12612490355968475,
Case3,LittleRockAR,90,cfa,13651.580233144867,2.0,4000,15130.0,0.12456603348255157,
Case3,LittleRockAR,95,cfa,13663.413520096476,2.0,4000,15387.0,0.12472683191299438,
Case3,Longview,50,csb,19650.312562624506,,4000,14973.0,0.13187819719314575,
Case3,Longview,60,csb,19650.312562624506,,4000,14973.0,0.13187819719314575,
Case3,Longview,70,csb,19650.312562624506,,4000,14973.0,0.13185037672519684,
Case3,Longview,80,csb,20232.23798444451,,4000,14226.0,0.13150344789028168,
Case3,Longview,90,csb,19634.834828839288,,4000,14035.0,0.13056115806102753,
Case3,Longview,95,csb,20000.208333333332,,4000,13750.0,0.13062454760074615,
Case3,LosAlamosNM,50,dfb,11361.8110332754,3.0,4000,14302.0,0.12082291394472122,
Case3,LosAlamosNM,60,dfb,11361.8110332754,3.0,4000,14302.0,0.12082291394472122,
Case3,LosAlamosNM,70,dfb,12751.50504408058,4.0,4000,11989.0,0.12152167409658432,
Case3,LosAlamosNM,80,dfb,11199.574524852349,3.0,4000,14060.0,0.12014854699373245,
Case3,LosAlamosNM,90,dfb,11899.575478788012,3.0,4000,13100.0,0.11952652782201767,
Case3,LosAlamosNM,95,dfb,12027.887717870153,3.0,4000,12986.0,0.1193903237581253,
Case3,MLR50Everglades,50,am,13251.605427291766,5.0,4000,15379.0,0.12391892075538635,
Case3,MLR50Hilo,50,af,8007.372125368432,5.0,4000,10929.0,0.12131737172603607,
Case3,MLR50Miami,50,af,10759.36714555589,3.0,4000,11648.0,0.11273274570703506,
Case3,MLR60Everglades,60,am,13251.605427291766,5.0,4000,15379.0,0.12391892075538635,
Case3,MLR60Hilo,60,af,8007.372125368432,5.0,4000,10929.0,0.12131737172603607,
Case3,MLR60Miami,60,af,10759.36714555589,3.0,4000,11648.0,0.11273274570703506,
Case3,MLR70Everglades,70,am,13251.605427291766,5.0,4000,15379.0,0.12380155175924301,
Case3,MLR70Hilo,70,af,9368.658203067911,4.0,4000,13330.0,0.12137753516435623,
Case3,MLR70Miami,70,af,10982.35200575189,2.0,4000,12154.0,0.1128782108426094,
Case3,MLR80Everglades,80,am,13564.54283531318,5.0,4000,14433.0,0.12311619520187378,
Case3,MLR80Hilo,80,af,9374.889988977477,4.0,4000,12211.0,0.12080696225166321,
Case3,MLR80Miami,80,af,10526.992683890183,2.0,4000,12707.0,0.11264349520206451,
Case3,MLR90Everglades,90,am,13164.491546384606,5.0,4000,14817.0,0.12281937897205353,
Case3,MLR90Hilo,90,af,9299.414174901009,4.0,4000,11826.0,0.12036950141191483,
Case3,MLR90Miami,90,af,10145.90005757528,3.0,4000,12492.0,0.11210555583238602,
Case3,MLR95Everglades,95,am,11026.387007176414,6.0,4000,14199.0,0.12183945626020432,
Case3,MLR95Hilo,95,af,8940.935998405543,4.0,4000,12075.0,0.12019792199134827,
Case3,MLR95Miami,95,af,10083.71737648595,3.0,4000,12358.0,0.11186045408248901,
Case3,MarlintonWV,50,cfb,22742.435548603233,,4000,15108.0,0.1334533542394638,
Case3,MarlintonWV,60,cfb,22742.435548603233,,4000,15108.0,0.1334533542394638,
Case3,MarlintonWV,70,cfb,22742.435548603233,,4000,15108.0,0.13345377147197723,
Case3,MarlintonWV,80,cfb,22630.10899157885,,4000,14509.0,0.13267146050930023,
Case3,MarlintonWV,90,cfb,22000.229166666664,,4000,15000.0,0.13237573206424713,
Case3,MarlintonWV,95,cfb,21717.062802966757,,4000,15101.0,0.13214339315891266,
Case3,MedfordOR,50,csa,15000.156249999998,,4000,13750.0,0.12347041070461273,
Case3,MedfordOR,60,csa,15000.156249999998,,4000,13750.0,0.12347041070461273,
Case3,MedfordOR,70,csa,13245.572684353343,,4000,15042.0,0.1234113797545433,
Case3,MedfordOR,80,csa,13803.333685636942,,4000,14190.0,0.12280062586069107,
Case3,MedfordOR,90,csa,14456.046325994803,,4000,13452.0,0.12237556278705597,
Case3,MedfordOR,95,csa,14456.046325994803,,4000,13452.0,0.12234282493591309,
Case3,MemphisTN,50,cfa,12194.621305113971,3.0,4000,13268.0,0.117658831179142,
Case3,MemphisTN,60,cfa,12194.621305113971,3.0,4000,13268.0,0.117658831179142,
Case3,MemphisTN,70,cfa,12253.142881655609,3.0,4000,13178.0,0.1175093725323677,
Case3,MemphisTN,80,cfa,11637.503857151052,4.0,4000,13254.0,0.11762761324644089,
Case3,MemphisTN,90,cfa,12741.97210455457,3.0,4000,12631.0,0.11715346574783325,
Case3,MemphisTN,95,cfa,9591.395040050938,4.0,4000,14830.0,0.11659880727529526,
Case3,MobileAL,50,cfa,17633.576867368305,2.0,4000,15647.0,0.1303577423095703,
Case3,MobileAL,60,cfa,17633.576867368305,2.0,4000,15647.0,0.1303577423095703,
Case3,MobileAL,70,cfa,18373.48202170091,1.0,4000,16006.0,0.13044622540473938,
Case3,MobileAL,80,cfa,17149.185518749135,2.0,4000,16405.0,0.1302596777677536,
Case3,MobileAL,90,cfa,16697.118045755928,3.0,4000,13787.0,0.12820924818515778,
Case3,MobileAL,95,cfa,18375.093283596147,,4000,16389.0,0.1285218894481659,
Case3,MoscowID,50,csb,13221.377146188595,2.0,4000,12223.0,0.1254991888999939,
Case3,MoscowID,60,csb,13221.377146188595,2.0,4000,12223.0,0.1254991888999939,
Case3,MoscowID,70,csb,14788.474555016577,,4000,15169.0,0.12507106363773346,
Case3,MoscowID,80,csb,13717.981128596482,2.0,4000,11485.0,0.12484399974346161,
Case3,MoscowID,90,csb,14574.243570833547,,4000,14431.0,0.12393137067556381,
Case3,MoscowID,95,csb,14511.527755619767,,4000,14118.0,0.12352432310581207,
Case3,NOLA,50,cfa,15895.532310528437,4.0,4000,13489.0,0.12391464412212372,
Case3,NOLA,60,cfa,15895.532310528437,4.0,4000,13489.0,0.12391464412212372,
Case3,NOLA,70,cfa,18024.963731499836,3.0,4000,13167.0,0.12453988939523697,
Case3,NOLA,80,cfa,17112.687519543797,4.0,4000,13087.0,0.12439427524805069,
Case3,NOLA,90,cfa,13211.30267698533,4.0,4000,15200.0,0.12212303280830383,
Case3,NOLA,95,cfa,13481.445854574755,4.0,4000,13704.0,0.12090395390987396,
Case3,NeahBay,50,cfb,19087.580376368358,3.0,4000,14183.0,0.1318776160478592,
Case3,NeahBay,60,cfb,19087.580376368358,3.0,4000,14183.0,0.1318776160478592,
Case3,NeahBay,70,cfb,18932.722970205297,3.0,4000,14384.0,0.13177792727947235,
Case3,NeahBay,80,cfb,19085.95368202936,3.0,4000,13629.0,0.1308869868516922,
Case3,NeahBay,90,cfb,14305.713108069003,4.0,4000,17114.0,0.12985706329345703,
Case3,NeahBay,95,cfb,13007.113318880602,4.0,4000,14213.0,0.12729057669639587,
Case3,OKCity,50,cfa,12656.084771845473,4.0,3000,18669.0,0.10478352755308151,
Case3,OKCity,60,cfa,12656.084771845473,4.0,3000,18669.0,0.10478352755308151,
Case3,OKCity,70,cfa,12656.084771845473,4.0,3000,18669.0,0.10478295385837555,
Case3,OKCity,80,cfa,12060.098504597447,4.0,3000,19377.0,0.1048794686794281,
Case3,OKCity,90,cfa,11719.114171256557,4.0,3000,19586.0,0.10470564663410187,
Case3,OKCity,95,cfa,10190.170385229407,5.0,3000,19087.0,0.10448697954416275,
Case3,ORNL,50,cfa,18951.439444450956,,4000,14174.0,0.12721724808216095,
Case3,ORNL,60,cfa,18951.439444450956,,4000,14174.0,0.12721724808216095,
Case3,ORNL,70,cfa,20409.56179397383,,4000,13150.0,0.12756267189979553,
Case3,ORNL,80,cfa,18824.692468908004,,4000,13771.0,0.12658579647541046,
Case3,ORNL,90,cfa,19096.452630164164,,4000,13348.0,0.12621213495731354,
Case3,ORNL,95,cfa,15891.344173369922,,4000,15371.0,0.12538892030715942,
Case3,PhoenixAZ,50,bwh,11261.379617329401,2.0,4000,10290.0,0.11696240305900574,
Case3,PhoenixAZ,60,bwh,11261.379617329401,2.0,4000,10290.0,0.11696240305900574,
Case3,PhoenixAZ,70,bwh,11174.484901267773,2.0,4000,10535.0,0.11704932153224945,
Case3,PhoenixAZ,80,bwh,10926.525772221767,2.0,4000,10639.0,0.11668671667575836,
Case3,PhoenixAZ,90,bwh,10458.733675324367,2.0,4000,10289.0,0.11579962819814682,
Case3,PhoenixAZ,95,bwh,10217.983075515314,2.0,4000,10930.0,0.11608031392097473,
Case3,PrescottAZ,50,csa,14339.7530244309,,4000,12279.0,0.11712989211082458,
Case3,PrescottAZ,60,csa,14339.7530244309,,4000,12279.0,0.11712989211082458,
Case3,PrescottAZ,70,csa,14339.7530244309,,4000,12279.0,0.11712871491909027,
Case3,PrescottAZ,80,csa,11762.316925258436,2.0,4000,11357.0,0.11625057458877563,
Case3,PrescottAZ,90,csa,10597.43559703702,3.0,4000,11003.0,0.11577046662569046,
Case3,PrescottAZ,95,csa,10781.018874657237,2.0,4000,11841.0,0.11553031206130981,
Case3,Pueblo,50,bsk,9636.65907383191,4.0,4000,12436.0,0.11707556992769241,
Case3,Pueblo,60,bsk,9636.65907383191,4.0,4000,12436.0,0.11707556992769241,
Case3,Pueblo,70,bsk,9357.163602495313,4.0,4000,13364.0,0.11735544353723526,
Case3,Pueblo,80,bsk,9875.751764659408,3.0,4000,13794.0,0.11688093841075897,
Case3,Pueblo,90,bsk,10237.291023831975,3.0,4000,12174.0,0.11573754251003265,
Case3,Pueblo,95,bsk,9631.337688593287,2.0,4000,13783.0,0.11571227014064789,
Case3,RaleighNC,50,cfa,18217.680803931624,,4000,15927.0,0.12751691043376923,
Case3,RaleighNC,60,cfa,18217.680803931624,,4000,15927.0,0.12751691043376923,
Case3,RaleighNC,70,cfa,18217.680803931624,,4000,15927.0,0.1275046169757843,
Case3,RaleighNC,80,cfa,17348.4377530792,2.0,4000,12986.0,0.12652990221977234,
Case3,RaleighNC,90,cfa,17442.55160934228,2.0,4000,12736.0,0.12598846852779388,
Case3,RaleighNC,95,cfa,15457.852071349165,2.0,4000,14578.0,0.12564173340797424,
Case3,RapidCitySD,50,bsk,9542.166560076277,3.0,4000,8258.0,0.11123999953269958,
Case3,RapidCitySD,60,bsk,9542.166560076277,3.0,4000,8258.0,0.11123999953269958,
Case3,RapidCitySD,70,bsk,8409.21852090336,3.0,4000,9488.0,0.11123277992010117,
Case3,RapidCitySD,80,bsk,8607.79907567768,3.0,4000,8978.0,0.1109076738357544,
Case3,RapidCitySD,90,bsk,8950.836217299939,3.0,4000,7625.0,0.11035136878490448,
Case3,RapidCitySD,95,bsk,8962.211077248814,3.0,4000,7364.0,0.1102055162191391,
Case3,ReddingCA,50,csa,14633.78878764442,,4000,12741.0,0.11994775384664536,
Case3,ReddingCA,60,csa,14633.78878764442,,4000,12741.0,0.11994775384664536,
Case3,ReddingCA,70,csa,14633.78878764442,,4000,12741.0,0.1199498176574707,
Case3,ReddingCA,80,csa,13512.036359541084,,4000,12792.0,0.11897218227386475,
Case3,ReddingCA,90,csa,14086.50005093632,,4000,12581.0,0.11912902444601059,
Case3,ReddingCA,95,csa,14000.145833333334,,4000,12500.0,0.11893592774868011,
Case3,RichmondVA,50,cfa,18355.602093466085,,4000,17262.0,0.12977245450019836,
Case3,RichmondVA,60,cfa,18355.602093466085,,4000,17262.0,0.12977245450019836,
Case3,RichmondVA,70,cfa,18062.688151041668,,4000,17578.0,0.12986519932746887,
Case3,RichmondVA,80,cfa,18420.20069193553,,4000,16022.0,0.1284635365009308,
Case3,RichmondVA,90,cfa,19382.903760592133,,4000,14187.0,0.12743344902992249,
Case3,RichmondVA,95,cfa,18507.679434063648,,4000,14828.0,0.12721283733844757,
Case3,Sacramento,50,csa,12081.170539927525,,4000,13280.0,0.11792439222335815,
Case3,Sacramento,60,csa,12081.170539927525,,4000,13280.0,0.11792439222335815,
Case3,Sacramento,70,csa,12240.113537208219,,4000,13080.0,0.11784013360738754,
Case3,Sacramento,80,csa,12500.130208333327,,4000,13125.0,0.11794880032539368,
Case3,Sacramento,90,csa,11631.15634344636,,4000,13478.0,0.11756391823291779,
Case3,Sacramento,95,csa,11378.823424543587,,4000,13789.0,0.11770828813314438,
Case3,SouthBendIN,50,dfa,8771.024279797037,4.0,4000,10649.0,0.11076392978429794,
Case3,SouthBendIN,60,dfa,8771.024279797037,4.0,4000,10649.0,0.11076392978429794,
Case3,SouthBendIN,70,dfa,8742.543797229771,4.0,4000,10479.0,0.11066919565200806,
Case3,SouthBendIN,80,dfa,9546.14026638333,4.0,4000,10224.0,0.1108608990907669,
Case3,SouthBendIN,90,dfa,9145.983274265951,4.0,4000,9564.0,0.11017242074012756,
Case3,SouthBendIN,95,dfa,8888.25378388801,4.0,4000,9495.0,0.10992357134819031,
Case3,Syracuse,50,dfb,19225.12966872634,2.0,4000,11990.0,0.12902763485908508,
Case3,Syracuse,60,dfb,19225.12966872634,2.0,4000,11990.0,0.12902763485908508,
Case3,Syracuse,70,dfb,18830.796416128425,3.0,4000,11402.0,0.12844102084636688,
Case3,Syracuse,80,dfb,18163.48066178423,3.0,4000,12219.0,0.12798379361629486,
Case3,Syracuse,90,dfb,12007.215845326584,5.0,4000,13408.0,0.12668654322624207,
Case3,Syracuse,95,dfb,13558.02287719294,3.0,4000,14781.0,0.12503916025161743,
Case3,TexasOil,50,bsh,10384.525686215351,4.0,3000,19651.0,0.10310416668653488,
Case3,TexasOil,60,bsh,10384.525686215351,4.0,3000,19651.0,0.10310416668653488,
Case3,TexasOil,70,bsh,10384.525686215351,4.0,3000,19651.0,0.10310285538434982,
Case3,TexasOil,80,bsh,11141.217588981397,4.0,3000,18804.0,0.10292623192071915,
Case3,TexasOil,90,bsh,11074.704114966824,4.0,3000,18531.0,0.10256686061620712,
Case3,TexasOil,95,bsh,9870.410429499998,5.0,3000,17678.0,0.10252317786216736,
Case3,UPMich,50,dfb,9721.977735892566,5.0,4000,12136.0,0.11571180075407028,
Case3,UPMich,60,dfb,9721.977735892566,5.0,4000,12136.0,0.11571180075407028,
Case3,UPMich,70,dfb,9964.908069020457,5.0,4000,11759.0,0.11567212641239166,
Case3,UPMich,80,dfb,9003.97299274725,4.0,4000,14311.0,0.11505861580371857,
Case3,UPMich,90,dfb,9764.470338600368,5.0,4000,11085.0,0.11496385931968689,
Case3,UPMich,95,dfb,9145.937458027789,4.0,4000,12411.0,0.11412458121776581,
Case3,VegasNV,50,bwh,9611.743061859022,2.0,4000,11139.0,0.11492789536714554,
Case3,VegasNV,60,bwh,9611.743061859022,2.0,4000,11139.0,0.11492789536714554,
Case3,VegasNV,70,bwh,9987.95579618718,2.0,4000,10973.0,0.11497913300991058,
Case3,VegasNV,80,bwh,9998.272325368105,2.0,4000,10468.0,0.11424853652715683,
Case3,VegasNV,90,bwh,8967.037233752093,2.0,4000,10929.0,0.113679900765419,
Case3,VegasNV,95,bwh,9810.828063320047,2.0,4000,10493.0,0.11373888701200485,
Case3,WadenaMN,50,dfa,13641.294398559576,4.0,3000,19963.0,0.10681885480880737,
Case3,WadenaMN,60,dfa,13641.294398559576,4.0,3000,19963.0,0.10681885480880737,
Case3,WadenaMN,70,dfa,7045.422883829539,4.0,4000,6078.0,0.10678233206272125,
Case3,WadenaMN,80,dfa,13274.272987175467,4.0,3000,19826.0,0.10629064589738846,
Case3,WadenaMN,90,dfa,6485.856398397768,4.0,4000,5374.0,0.10607777535915375,
Case3,WadenaMN,95,dfa,12488.185507451504,4.0,3000,20144.0,0.105814129114151,
Case3,YumaAZ,50,bwh,10727.239292415772,2.0,4000,10350.0,0.11606812477111816,
Case3,YumaAZ,60,bwh,10727.239292415772,2.0,4000,10350.0,0.11606812477111816,
Case3,YumaAZ,70,bwh,11405.83844999848,2.0,4000,10262.0,0.11643514037132263,
Case3,YumaAZ,80,bwh,10900.107513734984,2.0,4000,10310.0,0.11574716866016388,
Case3,YumaAZ,90,bwh,9837.243118970418,2.0,4000,11131.0,0.11543837934732437,
Case3,YumaAZ,95,bwh,10522.142107873278,2.0,4000,10557.0,0.11521505564451218,
Case4,Anchorage,50,dfc,21000.218749999996,,4000,27500.0,0.2015632688999176,
Case4,Anchorage,60,dfc,21000.218749999996,,4000,27500.0,0.2015632688999176,
Case4,Anchorage,70,dfc,21000.218749999996,,4000,27500.0,0.2015632688999176,
Case4,Anchorage,80,dfc,21000.218749999996,,4000,27500.0,0.2015632688999176,
Case4,Anchorage,90,dfc,21000.218749999996,,4000,27500.0,0.2015632688999176,
Case4,Anchorage,95,dfc,21000.218749999996,,4000,27500.0,0.2015632688999176,
Case4,Ashland,50,dfb,28267.444075218933,8.0,3000,32379.0,0.17195546627044678,
Case4,Ashland,60,dfb,28267.444075218933,8.0,3000,32379.0,0.17195546627044678,
Case4,Ashland,70,dfb,28267.444075218933,8.0,3000,32379.0,0.17195546627044678,
Case4,Ashland,80,dfb,28267.444075218933,8.0,3000,32379.0,0.17195546627044678,
Case4,Ashland,90,dfb,28267.444075218933,8.0,3000,32379.0,0.17195546627044678,
Case4,Ashland,95,dfb,28267.444075218933,8.0,3000,32379.0,0.17195546627044678,
Case4,AtlantaGA,50,cfa,14683.40901181532,3.0,4000,26473.0,0.18931074440479279,
Case4,AtlantaGA,60,cfa,14683.40901181532,3.0,4000,26473.0,0.18931074440479279,
Case4,AtlantaGA,70,cfa,14683.40901181532,3.0,4000,26473.0,0.18931074440479279,
Case4,AtlantaGA,80,cfa,14683.40901181532,3.0,4000,26473.0,0.18931074440479279,
Case4,AtlantaGA,90,cfa,14683.40901181532,3.0,4000,26473.0,0.18931074440479279,
Case4,AtlantaGA,95,cfa,14683.40901181532,3.0,4000,26473.0,0.18931074440479279,
Case4,BangorME,50,dfb,14034.944806671929,5.0,4000,27169.0,0.19338616728782654,
Case4,BangorME,60,dfb,14034.944806671929,5.0,4000,27169.0,0.19338616728782654,
Case4,BangorME,70,dfb,14034.944806671929,5.0,4000,27169.0,0.19338616728782654,
Case4,BangorME,80,dfb,14034.944806671929,5.0,4000,27169.0,0.19338616728782654,
Case4,BangorME,90,dfb,14034.944806671929,5.0,4000,27169.0,0.19338616728782654,
Case4,BangorME,95,dfb,14034.944806671929,5.0,4000,27169.0,0.19338616728782654,
Case4,BendOre,50,bsk,23435.415416202417,4.0,3000,39376.0,0.17010614275932312,
Case4,BendOre,60,bsk,23435.415416202417,4.0,3000,39376.0,0.17010614275932312,
Case4,BendOre,70,bsk,23435.415416202417,4.0,3000,39376.0,0.17010614275932312,
Case4,BendOre,80,bsk,23435.415416202417,4.0,3000,39376.0,0.17010614275932312,
Case4,BendOre,90,bsk,23435.415416202417,4.0,3000,39376.0,0.17010614275932312,
Case4,BendOre,95,bsk,23435.415416202417,4.0,3000,39376.0,0.17010614275932312,
Case4,BentonCountyOregon,50,csb,14450.150520833333,,4000,23063.0,0.19065311551094055,
Case4,BentonCountyOregon,60,csb,14450.150520833333,,4000,23063.0,0.19065311551094055,
Case4,BentonCountyOregon,70,csb,14450.150520833333,,4000,23063.0,0.19065311551094055,
Case4,BentonCountyOregon,80,csb,14450.150520833333,,4000,23063.0,0.19065311551094055,
Case4,BentonCountyOregon,90,csb,14450.150520833333,,4000,23063.0,0.19065311551094055,
Case4,BentonCountyOregon,95,csb,14450.150520833333,,4000,23063.0,0.19065311551094055,
Case4,BirminghamAL,50,cfa,17155.188508488664,,4000,26542.0,0.190834641456604,
Case4,BirminghamAL,60,cfa,17155.188508488664,,4000,26542.0,0.190834641456604,
Case4,BirminghamAL,70,cfa,17155.188508488664,,4000,26542.0,0.190834641456604,
Case4,BirminghamAL,80,cfa,17155.188508488664,,4000,26542.0,0.190834641456604,
Case4,BirminghamAL,90,cfa,17155.188508488664,,4000,26542.0,0.190834641456604,
Case4,BirminghamAL,95,cfa,17155.188508488664,,4000,26542.0,0.190834641456604,
Case4,BismarckND,50,dfb,10268.381378416248,7.0,3000.0,24746.0,0.13836482167243958,
Case4,BismarckND,60,dfb,10268.381378416248,7.0,3000.0,24746.0,0.13836482167243958,
Case4,BismarckND,70,dfb,10268.381378416248,7.0,3000.0,24746.0,0.13836482167243958,
Case4,BismarckND,80,dfb,10268.381378416248,7.0,3000.0,24746.0,0.13836482167243958,
Case4,BismarckND,90,dfb,10268.381378416248,7.0,3000.0,24746.0,0.13836482167243958,
Case4,BismarckND,95,dfb,10268.381378416248,7.0,3000.0,24746.0,0.13836482167243958,
Case4,BlaineCountyMontan,50,abs,11619.587306941181,7.0,3000,25729.0,0.14025355875492096,
Case4,BlaineCountyMontan,60,abs,11619.587306941181,7.0,3000,25729.0,0.14025355875492096,
Case4,BlaineCountyMontan,70,abs,11619.587306941181,7.0,3000,25729.0,0.14025355875492096,
Case4,BlaineCountyMontan,80,abs,11619.587306941181,7.0,3000,25729.0,0.14025355875492096,
Case4,BlaineCountyMontan,90,abs,11619.587306941181,7.0,3000,25729.0,0.14025355875492096,
Case4,BlaineCountyMontan,95,abs,11619.587306941181,7.0,3000,25729.0,0.14025355875492096,
Case4,BoiseID,50,bsk,23312.75381082384,3.0,3000,42329.0,0.17220598459243774,
Case4,BoiseID,60,bsk,23312.75381082384,3.0,3000,42329.0,0.17220598459243774,
Case4,BoiseID,70,bsk,23312.75381082384,3.0,3000,42329.0,0.17220598459243774,
Case4,BoiseID,80,bsk,23312.75381082384,3.0,3000,42329.0,0.17220598459243774,
Case4,BoiseID,90,bsk,23312.75381082384,3.0,3000,42329.0,0.17220598459243774,
Case4,BoiseID,95,bsk,23312.75381082384,3.0,3000,42329.0,0.17220598459243774,
Case4,BrewsterMA,50,dfb,14970.518905368246,6.0,3000,28208.0,0.13913924992084503,
Case4,BrewsterMA,60,dfb,14970.518905368246,6.0,3000,28208.0,0.13913924992084503,
Case4,BrewsterMA,70,dfb,14970.518905368246,6.0,3000,28208.0,0.13913924992084503,
Case4,BrewsterMA,80,dfb,14970.518905368246,6.0,3000,28208.0,0.13913924992084503,
Case4,BrewsterMA,90,dfb,14970.518905368246,6.0,3000,28208.0,0.13913924992084503,
Case4,BrewsterMA,95,dfb,14970.518905368246,6.0,3000,28208.0,0.13913924992084503,
Case4,BurlingtonVT,50,dfa,16896.5120876814,3.0,4000,25238.0,0.1950893998146057,
Case4,BurlingtonVT,60,dfa,16896.5120876814,3.0,4000,25238.0,0.1950893998146057,
Case4,BurlingtonVT,70,dfa,16896.5120876814,3.0,4000,25238.0,0.1950893998146057,
Case4,BurlingtonVT,80,dfa,16896.5120876814,3.0,4000,25238.0,0.1950893998146057,
Case4,BurlingtonVT,90,dfa,16896.5120876814,3.0,4000,25238.0,0.1950893998146057,
Case4,BurlingtonVT,95,dfa,16896.5120876814,3.0,4000,25238.0,0.1950893998146057,
Case4,Buttonwillow,50,bwk,24962.513616082644,1.0,3000,31328.0,0.16888584196567535,
Case4,Buttonwillow,60,bwk,24962.513616082644,1.0,3000,31328.0,0.16888584196567535,
Case4,Buttonwillow,70,bwk,24962.513616082644,1.0,3000,31328.0,0.16888584196567535,
Case4,Buttonwillow,80,bwk,24962.513616082644,1.0,3000,31328.0,0.16888584196567535,
Case4,Buttonwillow,90,bwk,24962.513616082644,1.0,3000,31328.0,0.16888584196567535,
Case4,Buttonwillow,95,bwk,24962.513616082644,1.0,3000,31328.0,0.16888584196567535,
Case4,CarsonCityNV,50,bsk,34902.30250906848,2.0,3000,37792.0,0.18536223471164703,
Case4,CarsonCityNV,60,bsk,34902.30250906848,2.0,3000,37792.0,0.18536223471164703,
Case4,CarsonCityNV,70,bsk,34902.30250906848,2.0,3000,37792.0,0.18536223471164703,
Case4,CarsonCityNV,80,bsk,34902.30250906848,2.0,3000,37792.0,0.18536223471164703,
Case4,CarsonCityNV,90,bsk,34902.30250906848,2.0,3000,37792.0,0.18536223471164703,
Case4,CarsonCityNV,95,bsk,34902.30250906848,2.0,3000,37792.0,0.18536223471164703,
Case4,CheyenneWY,50,bsk,13982.49194637226,4.0,3000.0,30347.0,0.13706357777118683,
Case4,CheyenneWY,60,bsk,13982.49194637226,4.0,3000.0,30347.0,0.13706357777118683,
Case4,CheyenneWY,70,bsk,13982.49194637226,4.0,3000.0,30347.0,0.13706357777118683,
Case4,CheyenneWY,80,bsk,13982.49194637226,4.0,3000.0,30347.0,0.13706357777118683,
Case4,CheyenneWY,90,bsk,13982.49194637226,4.0,3000.0,30347.0,0.13706357777118683,
Case4,CheyenneWY,95,bsk,13982.49194637226,4.0,3000.0,30347.0,0.13706357777118683,
Case4,Chicago,50,dfa,25883.68315248468,5.0,3000,28120.0,0.1551062911748886,
Case4,Chicago,60,dfa,25883.68315248468,5.0,3000,28120.0,0.1551062911748886,
Case4,Chicago,70,dfa,25883.68315248468,5.0,3000,28120.0,0.1551062911748886,
Case4,Chicago,80,dfa,25883.68315248468,5.0,3000,28120.0,0.1551062911748886,
Case4,Chicago,90,dfa,25883.68315248468,5.0,3000,28120.0,0.1551062911748886,
Case4,Chicago,95,dfa,25883.68315248468,5.0,3000,28120.0,0.1551062911748886,
Case4,CoalvilleUT,50,dfb,24233.049946207942,4.0,3000,32541.0,0.1726727932691574,
Case4,CoalvilleUT,60,dfb,24233.049946207942,4.0,3000,32541.0,0.1726727932691574,
Case4,CoalvilleUT,70,dfb,24233.049946207942,4.0,3000,32541.0,0.1726727932691574,
Case4,CoalvilleUT,80,dfb,24233.049946207942,4.0,3000,32541.0,0.1726727932691574,
Case4,CoalvilleUT,90,dfb,24233.049946207942,4.0,3000,32541.0,0.1726727932691574,
Case4,CoalvilleUT,95,dfb,24233.049946207942,4.0,3000,32541.0,0.1726727932691574,
Case4,ColumbiaMO,50,cfa,24375.32760589669,7.0,3000,35856.0,0.16869544982910156,
Case4,ColumbiaMO,60,cfa,24375.32760589669,7.0,3000,35856.0,0.16869544982910156,
Case4,ColumbiaMO,70,cfa,24375.32760589669,7.0,3000,35856.0,0.16869544982910156,
Case4,ColumbiaMO,80,cfa,24375.32760589669,7.0,3000,35856.0,0.16869544982910156,
Case4,ColumbiaMO,90,cfa,24375.32760589669,7.0,3000,35856.0,0.16869544982910156,
Case4,ColumbiaMO,95,cfa,24375.32760589669,7.0,3000,35856.0,0.16869544982910156,
Case4,ColumbusOH,50,dfa,32863.03630826473,7.0,3000,38101.0,0.1811380684375763,
Case4,ColumbusOH,60,dfa,32863.03630826473,7.0,3000,38101.0,0.1811380684375763,
Case4,ColumbusOH,70,dfa,32863.03630826473,7.0,3000,38101.0,0.1811380684375763,
Case4,ColumbusOH,80,dfa,32863.03630826473,7.0,3000,38101.0,0.1811380684375763,
Case4,ColumbusOH,90,dfa,32863.03630826473,7.0,3000,38101.0,0.1811380684375763,
Case4,ColumbusOH,95,dfa,32863.03630826473,7.0,3000,38101.0,0.1811380684375763,
Case4,CrestedButteCO,50,dfc,28794.73739614079,4.0,3000,30359.0,0.17231103777885437,
Case4,CrestedButteCO,60,dfc,28794.73739614079,4.0,3000,30359.0,0.17231103777885437,
Case4,CrestedButteCO,70,dfc,28794.73739614079,4.0,3000,30359.0,0.17231103777885437,
Case4,CrestedButteCO,80,dfc,28794.73739614079,4.0,3000,30359.0,0.17231103777885437,
Case4,CrestedButteCO,90,dfc,28794.73739614079,4.0,3000,30359.0,0.17231103777885437,
Case4,CrestedButteCO,95,dfc,28794.73739614079,4.0,3000,30359.0,0.17231103777885437,
Case4,DesMoinesIA,50,dfa,11446.928794015996,6.0,3000,29280.0,0.14123700559139252,
Case4,DesMoinesIA,60,dfa,11446.928794015996,6.0,3000,29280.0,0.14123700559139252,
Case4,DesMoinesIA,70,dfa,11446.928794015996,6.0,3000,29280.0,0.14123700559139252,
Case4,DesMoinesIA,80,dfa,11446.928794015996,6.0,3000,29280.0,0.14123700559139252,
Case4,DesMoinesIA,90,dfa,11446.928794015996,6.0,3000,29280.0,0.14123700559139252,
Case4,DesMoinesIA,95,dfa,11446.928794015996,6.0,3000,29280.0,0.14123700559139252,
Case4,DetroitMI,50,dfa,13706.059640841286,8.0,3000,38748.0,0.15573367476463318,
Case4,DetroitMI,60,dfa,13706.059640841286,8.0,3000,38748.0,0.15573367476463318,
Case4,DetroitMI,70,dfa,13706.059640841286,8.0,3000,38748.0,0.15573367476463318,
Case4,DetroitMI,80,dfa,13706.059640841286,8.0,3000,38748.0,0.15573367476463318,
Case4,DetroitMI,90,dfa,13706.059640841286,8.0,3000,38748.0,0.15573367476463318,
Case4,DetroitMI,95,dfa,13706.059640841286,8.0,3000,38748.0,0.15573367476463318,
Case4,EielsonAFB,50,dfc,20877.983335763824,5.0,4000,18167.0,0.20154334604740143,
Case4,EielsonAFB,60,dfc,20877.983335763824,5.0,4000,18167.0,0.20154334604740143,
Case4,EielsonAFB,70,dfc,20877.983335763824,5.0,4000,18167.0,0.20154334604740143,
Case4,EielsonAFB,80,dfc,20877.983335763824,5.0,4000,18167.0,0.20154334604740143,
Case4,EielsonAFB,90,dfc,20877.983335763824,5.0,4000,18167.0,0.20154334604740143,
Case4,EielsonAFB,95,dfc,20877.983335763824,5.0,4000,18167.0,0.20154334604740143,
Case4,Flagstaff,50,dsb,21866.464153692163,5.0,3000,33917.0,0.16203443706035614,
Case4,Flagstaff,60,dsb,21866.464153692163,5.0,3000,33917.0,0.16203443706035614,
Case4,Flagstaff,70,dsb,21866.464153692163,5.0,3000,33917.0,0.16203443706035614,
Case4,Flagstaff,80,dsb,21866.464153692163,5.0,3000,33917.0,0.16203443706035614,
Case4,Flagstaff,90,dsb,21866.464153692163,5.0,3000,33917.0,0.16203443706035614,
Case4,Flagstaff,95,dsb,21866.464153692163,5.0,3000,33917.0,0.16203443706035614,
Case4,GreatFallsMT,50,bsk,16750.69598966835,8.0,3000,30465.0,0.15262211859226227,
Case4,GreatFallsMT,60,bsk,16750.69598966835,8.0,3000,30465.0,0.15262211859226227,
Case4,GreatFallsMT,70,bsk,16750.69598966835,8.0,3000,30465.0,0.15262211859226227,
Case4,GreatFallsMT,80,bsk,16750.69598966835,8.0,3000,30465.0,0.15262211859226227,
Case4,GreatFallsMT,90,bsk,16750.69598966835,8.0,3000,30465.0,0.15262211859226227,
Case4,GreatFallsMT,95,bsk,16750.69598966835,8.0,3000,30465.0,0.15262211859226227,
Case4,IdahoFalls,50,dfb,16376.509270928927,7.0,3000,37032.0,0.16374239325523376,
Case4,IdahoFalls,60,dfb,16376.509270928927,7.0,3000,37032.0,0.16374239325523376,
Case4,IdahoFalls,70,dfb,16376.509270928927,7.0,3000,37032.0,0.16374239325523376,
Case4,IdahoFalls,80,dfb,16376.509270928927,7.0,3000,37032.0,0.16374239325523376,
Case4,IdahoFalls,90,dfb,16376.509270928927,7.0,3000,37032.0,0.16374239325523376,
Case4,IdahoFalls,95,dfb,16376.509270928927,7.0,3000,37032.0,0.16374239325523376,
Case4,JacksonMS,50,cfa,16750.17447916667,,4000,25312.0,0.18983875215053558,
Case4,JacksonMS,60,cfa,16750.17447916667,,4000,25312.0,0.18983875215053558,
Case4,JacksonMS,70,cfa,16750.17447916667,,4000,25312.0,0.18983875215053558,
Case4,JacksonMS,80,cfa,16750.17447916667,,4000,25312.0,0.18983875215053558,
Case4,JacksonMS,90,cfa,16750.17447916667,,4000,25312.0,0.18983875215053558,
Case4,JacksonMS,95,cfa,16750.17447916667,,4000,25312.0,0.18983875215053558,
Case4,Kauai,50,cfb,16403.562067995816,7.0,2000.0,34650.0,0.13456755876541138,
Case4,Kauai,60,cfb,16403.562067995816,7.0,2000.0,34650.0,0.13456755876541138,
Case4,Kauai,70,cfb,16403.562067995816,7.0,2000.0,34650.0,0.13456755876541138,
Case4,Kauai,80,cfb,16403.562067995816,7.0,2000.0,34650.0,0.13456755876541138,
Case4,Kauai,90,cfb,16403.562067995816,7.0,2000.0,34650.0,0.13456755876541138,
Case4,Kauai,95,cfb,16403.562067995816,7.0,2000.0,34650.0,0.13456755876541138,
Case4,KootenaiCountyID,50,dsb,15608.746056675809,,4000,24634.0,0.1905342936515808,
Case4,KootenaiCountyID,60,dsb,15608.746056675809,,4000,24634.0,0.1905342936515808,
Case4,KootenaiCountyID,70,dsb,15608.746056675809,,4000,24634.0,0.1905342936515808,
Case4,KootenaiCountyID,80,dsb,15608.746056675809,,4000,24634.0,0.1905342936515808,
Case4,KootenaiCountyID,90,dsb,15608.746056675809,,4000,24634.0,0.1905342936515808,
Case4,KootenaiCountyID,95,dsb,15608.746056675809,,4000,24634.0,0.1905342936515808,
Case4,LancasterPA,50,dfa,15130.882679219412,5.0,4000,24340.0,0.18957741558551788,
Case4,LancasterPA,60,dfa,15130.882679219412,5.0,4000,24340.0,0.18957741558551788,
Case4,LancasterPA,70,dfa,15130.882679219412,5.0,4000,24340.0,0.18957741558551788,
Case4,LancasterPA,80,dfa,15130.882679219412,5.0,4000,24340.0,0.18957741558551788,
Case4,LancasterPA,90,dfa,15130.882679219412,5.0,4000,24340.0,0.18957741558551788,
Case4,LancasterPA,95,dfa,15130.882679219412,5.0,4000,24340.0,0.18957741558551788,
Case4,LaredoTX,50,bsh,11799.865641492288,5.0,3000,27701.0,0.14397773146629333,
Case4,LaredoTX,60,bsh,11799.865641492288,5.0,3000,27701.0,0.14397773146629333,
Case4,LaredoTX,70,bsh,11799.865641492288,5.0,3000,27701.0,0.14397773146629333,
Case4,LaredoTX,80,bsh,11799.865641492288,5.0,3000,27701.0,0.14397773146629333,
Case4,LaredoTX,90,bsh,11799.865641492288,5.0,3000,27701.0,0.14397773146629333,
Case4,LaredoTX,95,bsh,11799.865641492288,5.0,3000,27701.0,0.14397773146629333,
Case4,LincolnNE,50,dfa,11793.714295640042,6.0,3000.0,26066.0,0.1389370560646057,
Case4,LincolnNE,60,dfa,11793.714295640042,6.0,3000.0,26066.0,0.1389370560646057,
Case4,LincolnNE,70,dfa,11793.714295640042,6.0,3000.0,26066.0,0.1389370560646057,
Case4,LincolnNE,80,dfa,11793.714295640042,6.0,3000.0,26066.0,0.1389370560646057,
Case4,LincolnNE,90,dfa,11793.714295640042,6.0,3000.0,26066.0,0.1389370560646057,
Case4,LincolnNE,95,dfa,11793.714295640042,6.0,3000.0,26066.0,0.1389370560646057,
Case4,LittleRockAR,50,cfa,32835.75114675165,6.0,3000,34777.0,0.18058210611343384,
Case4,LittleRockAR,60,cfa,32835.75114675165,6.0,3000,34777.0,0.18058210611343384,
Case4,LittleRockAR,70,cfa,32835.75114675165,6.0,3000,34777.0,0.18058210611343384,
Case4,LittleRockAR,80,cfa,32835.75114675165,6.0,3000,34777.0,0.18058210611343384,
Case4,LittleRockAR,90,cfa,32835.75114675165,6.0,3000,34777.0,0.18058210611343384,
Case4,LittleRockAR,95,cfa,32835.75114675165,6.0,3000,34777.0,0.18058210611343384,
Case4,Longview,50,csb,19625.49133192759,,4000,23917.0,0.19698737561702728,
Case4,Longview,60,csb,19625.49133192759,,4000,23917.0,0.19698737561702728,
Case4,Longview,70,csb,19625.49133192759,,4000,23917.0,0.19698737561702728,
Case4,Longview,80,csb,19625.49133192759,,4000,23917.0,0.19698737561702728,
Case4,Longview,90,csb,19625.49133192759,,4000,23917.0,0.19698737561702728,
Case4,Longview,95,csb,19625.49133192759,,4000,23917.0,0.19698737561702728,
Case4,LosAlamosNM,50,dfb,24587.073936629273,5.0,3000,37124.0,0.167387917637825,
Case4,LosAlamosNM,60,dfb,24587.073936629273,5.0,3000,37124.0,0.167387917637825,
Case4,LosAlamosNM,70,dfb,24587.073936629273,5.0,3000,37124.0,0.167387917637825,
Case4,LosAlamosNM,80,dfb,24587.073936629273,5.0,3000,37124.0,0.167387917637825,
Case4,LosAlamosNM,90,dfb,24587.073936629273,5.0,3000,37124.0,0.167387917637825,
Case4,LosAlamosNM,95,dfb,24587.073936629273,5.0,3000,37124.0,0.167387917637825,
Case4,MLR50Everglades,50,am,12066.96840421023,5.0,4000,22994.0,0.17422588169574738,
Case4,MLR50Hilo,50,af,23641.567245700764,7.0,3000,33301.0,0.16766539216041565,
Case4,MLR50Miami,50,af,35047.75848972548,3.0,,80856.0,0.13878802955150604,
Case4,MLR60Everglades,60,am,12066.96840421023,5.0,4000,22994.0,0.17422588169574738,
Case4,MLR60Hilo,60,af,23641.567245700764,7.0,3000,33301.0,0.16766539216041565,
Case4,MLR60Miami,60,af,35047.75848972548,3.0,,80856.0,0.13878802955150604,
Case4,MLR70Everglades,70,am,12066.96840421023,5.0,4000,22994.0,0.17422588169574738,
Case4,MLR70Hilo,70,af,23641.567245700764,7.0,3000,33301.0,0.16766539216041565,
Case4,MLR70Miami,70,af,35047.75848972548,3.0,,80856.0,0.13878802955150604,
Case4,MLR80Everglades,80,am,12066.96840421023,5.0,4000,22994.0,0.17422588169574738,
Case4,MLR80Hilo,80,af,23641.567245700764,7.0,3000,33301.0,0.16766539216041565,
Case4,MLR80Miami,80,af,35047.75848972548,3.0,,80856.0,0.13878802955150604,
Case4,MLR90Everglades,90,am,12066.96840421023,5.0,4000,22994.0,0.17422588169574738,
Case4,MLR90Hilo,90,af,23641.567245700764,7.0,3000,33301.0,0.16766539216041565,
Case4,MLR90Miami,90,af,35047.75848972548,3.0,,80856.0,0.13878802955150604,
Case4,MLR95Everglades,95,am,12066.96840421023,5.0,4000,22994.0,0.17422588169574738,
Case4,MLR95Hilo,95,af,23641.567245700764,7.0,3000,33301.0,0.16766539216041565,
Case4,MLR95Miami,95,af,35047.75848972548,3.0,,80856.0,0.13878802955150604,
Case4,MarlintonWV,50,cfb,19192.47443862431,,4000,26749.0,0.19478103518486023,
Case4,MarlintonWV,60,cfb,19192.47443862431,,4000,26749.0,0.19478103518486023,
Case4,MarlintonWV,70,cfb,19192.47443862431,,4000,26749.0,0.19478103518486023,
Case4,MarlintonWV,80,cfb,19192.47443862431,,4000,26749.0,0.19478103518486023,
Case4,MarlintonWV,90,cfb,19192.47443862431,,4000,26749.0,0.19478103518486023,
Case4,MarlintonWV,95,cfb,19192.47443862431,,4000,26749.0,0.19478103518486023,
Case4,MedfordOR,50,csa,15249.98760816626,,4000,19661.0,0.1863800287246704,
Case4,MedfordOR,60,csa,15249.98760816626,,4000,19661.0,0.1863800287246704,
Case4,MedfordOR,70,csa,15249.98760816626,,4000,19661.0,0.1863800287246704,
Case4,MedfordOR,80,csa,15249.98760816626,,4000,19661.0,0.1863800287246704,
Case4,MedfordOR,90,csa,15249.98760816626,,4000,19661.0,0.1863800287246704,
Case4,MedfordOR,95,csa,15249.98760816626,,4000,19661.0,0.1863800287246704,
Case4,MemphisTN,50,cfa,25570.09411434711,7.0,3000,29013.0,0.16326700150966644,
Case4,MemphisTN,60,cfa,25570.09411434711,7.0,3000,29013.0,0.16326700150966644,
Case4,MemphisTN,70,cfa,25570.09411434711,7.0,3000,29013.0,0.16326700150966644,
Case4,MemphisTN,80,cfa,25570.09411434711,7.0,3000,29013.0,0.16326700150966644,
Case4,MemphisTN,90,cfa,25570.09411434711,7.0,3000,29013.0,0.16326700150966644,
Case4,MemphisTN,95,cfa,25570.09411434711,7.0,3000,29013.0,0.16326700150966644,
Case4,MobileAL,50,cfa,14924.468531300823,4.0,4000,25191.0,0.1885417401790619,
Case4,MobileAL,60,cfa,14924.468531300823,4.0,4000,25191.0,0.1885417401790619,
Case4,MobileAL,70,cfa,14924.468531300823,4.0,4000,25191.0,0.1885417401790619,
Case4,MobileAL,80,cfa,14924.468531300823,4.0,4000,25191.0,0.1885417401790619,
Case4,MobileAL,90,cfa,14924.468531300823,4.0,4000,25191.0,0.1885417401790619,
Case4,MobileAL,95,cfa,14924.468531300823,4.0,4000,25191.0,0.1885417401790619,
Case4,MoscowID,50,csb,32197.54840251086,5.0,3000,41696.0,0.18702085316181183,
Case4,MoscowID,60,csb,32197.54840251086,5.0,3000,41696.0,0.18702085316181183,
Case4,MoscowID,70,csb,32197.54840251086,5.0,3000,41696.0,0.18702085316181183,
Case4,MoscowID,80,csb,32197.54840251086,5.0,3000,41696.0,0.18702085316181183,
Case4,MoscowID,90,csb,32197.54840251086,5.0,3000,41696.0,0.18702085316181183,
Case4,MoscowID,95,csb,32197.54840251086,5.0,3000,41696.0,0.18702085316181183,
Case4,NOLA,50,cfa,10896.503788060048,6.0,4000,24556.0,0.17591916024684906,
Case4,NOLA,60,cfa,10896.503788060048,6.0,4000,24556.0,0.17591916024684906,
Case4,NOLA,70,cfa,10896.503788060048,6.0,4000,24556.0,0.17591916024684906,
Case4,NOLA,80,cfa,10896.503788060048,6.0,4000,24556.0,0.17591916024684906,
Case4,NOLA,90,cfa,10896.503788060048,6.0,4000,24556.0,0.17591916024684906,
Case4,NOLA,95,cfa,10896.503788060048,6.0,4000,24556.0,0.17591916024684906,
Case4,NeahBay,50,cfb,34398.10924892202,8.0,3000,31854.0,0.1848120093345642,
Case4,NeahBay,60,cfb,34398.10924892202,8.0,3000,31854.0,0.1848120093345642,
Case4,NeahBay,70,cfb,34398.10924892202,8.0,3000,31854.0,0.1848120093345642,
Case4,NeahBay,80,cfb,34398.10924892202,8.0,3000,31854.0,0.1848120093345642,
Case4,NeahBay,90,cfb,34398.10924892202,8.0,3000,31854.0,0.1848120093345642,
Case4,NeahBay,95,cfb,34398.10924892202,8.0,3000,31854.0,0.1848120093345642,
Case4,OKCity,50,cfa,11082.393379070663,5.0,3000.0,27718.0,0.1388622373342514,
Case4,OKCity,60,cfa,11082.393379070663,5.0,3000.0,27718.0,0.1388622373342514,
Case4,OKCity,70,cfa,11082.393379070663,5.0,3000.0,27718.0,0.1388622373342514,
Case4,OKCity,80,cfa,11082.393379070663,5.0,3000.0,27718.0,0.1388622373342514,
Case4,OKCity,90,cfa,11082.393379070663,5.0,3000.0,27718.0,0.1388622373342514,
Case4,OKCity,95,cfa,11082.393379070663,5.0,3000.0,27718.0,0.1388622373342514,
Case4,ORNL,50,cfa,16000.166666666662,,4000,25000.0,0.18874268233776093,
Case4,ORNL,60,cfa,16000.166666666662,,4000,25000.0,0.18874268233776093,
Case4,ORNL,70,cfa,16000.166666666662,,4000,25000.0,0.18874268233776093,
Case4,ORNL,80,cfa,16000.166666666662,,4000,25000.0,0.18874268233776093,
Case4,ORNL,90,cfa,16000.166666666662,,4000,25000.0,0.18874268233776093,
Case4,ORNL,95,cfa,16000.166666666662,,4000,25000.0,0.18874268233776093,
Case4,PhoenixAZ,50,bwh,21183.03602222512,1.0,3000.0,32030.0,0.16095411777496338,
Case4,PhoenixAZ,60,bwh,21183.03602222512,1.0,3000.0,32030.0,0.16095411777496338,
Case4,PhoenixAZ,70,bwh,21183.03602222512,1.0,3000.0,32030.0,0.16095411777496338,
Case4,PhoenixAZ,80,bwh,21183.03602222512,1.0,3000.0,32030.0,0.16095411777496338,
Case4,PhoenixAZ,90,bwh,21183.03602222512,1.0,3000.0,32030.0,0.16095411777496338,
Case4,PhoenixAZ,95,bwh,21183.03602222512,1.0,3000.0,32030.0,0.16095411777496338,
Case4,PrescottAZ,50,csa,15912.32427076639,5.0,3000,34536.0,0.15703366696834564,
Case4,PrescottAZ,60,csa,15912.32427076639,5.0,3000,34536.0,0.15703366696834564,
Case4,PrescottAZ,70,csa,15912.32427076639,5.0,3000,34536.0,0.15703366696834564,
Case4,PrescottAZ,80,csa,15912.32427076639,5.0,3000,34536.0,0.15703366696834564,
Case4,PrescottAZ,90,csa,15912.32427076639,5.0,3000,34536.0,0.15703366696834564,
Case4,PrescottAZ,95,csa,15912.32427076639,5.0,3000,34536.0,0.15703366696834564,
Case4,Pueblo,50,bsk,19046.420152418985,6.0,3000,32184.0,0.1583845615386963,
Case4,Pueblo,60,bsk,19046.420152418985,6.0,3000,32184.0,0.1583845615386963,
Case4,Pueblo,70,bsk,19046.420152418985,6.0,3000,32184.0,0.1583845615386963,
Case4,Pueblo,80,bsk,19046.420152418985,6.0,3000,32184.0,0.1583845615386963,
Case4,Pueblo,90,bsk,19046.420152418985,6.0,3000,32184.0,0.1583845615386963,
Case4,Pueblo,95,bsk,19046.420152418985,6.0,3000,32184.0,0.1583845615386963,
Case4,RaleighNC,50,cfa,34412.499573609246,6.0,3000,39464.0,0.18450787663459778,
Case4,RaleighNC,60,cfa,34412.499573609246,6.0,3000,39464.0,0.18450787663459778,
Case4,RaleighNC,70,cfa,34412.499573609246,6.0,3000,39464.0,0.18450787663459778,
Case4,RaleighNC,80,cfa,34412.499573609246,6.0,3000,39464.0,0.18450787663459778,
Case4,RaleighNC,90,cfa,34412.499573609246,6.0,3000,39464.0,0.18450787663459778,
Case4,RaleighNC,95,cfa,34412.499573609246,6.0,3000,39464.0,0.18450787663459778,
Case4,RapidCitySD,50,bsk,13414.209297488938,7.0,3000,30548.0,0.14738528430461884,
Case4,RapidCitySD,60,bsk,13414.209297488938,7.0,3000,30548.0,0.14738528430461884,
Case4,RapidCitySD,70,bsk,13414.209297488938,7.0,3000,30548.0,0.14738528430461884,
Case4,RapidCitySD,80,bsk,13414.209297488938,7.0,3000,30548.0,0.14738528430461884,
Case4,RapidCitySD,90,bsk,13414.209297488938,7.0,3000,30548.0,0.14738528430461884,
Case4,RapidCitySD,95,bsk,13414.209297488938,7.0,3000,30548.0,0.14738528430461884,
Case4,ReddingCA,50,csa,29705.902091817134,3.0,3000,36260.0,0.1811612844467163,
Case4,ReddingCA,60,csa,29705.902091817134,3.0,3000,36260.0,0.1811612844467163,
Case4,ReddingCA,70,csa,29705.902091817134,3.0,3000,36260.0,0.1811612844467163,
Case4,ReddingCA,80,csa,29705.902091817134,3.0,3000,36260.0,0.1811612844467163,
Case4,ReddingCA,90,csa,29705.902091817134,3.0,3000,36260.0,0.1811612844467163,
Case4,ReddingCA,95,csa,29705.902091817134,3.0,3000,36260.0,0.1811612844467163,
Case4,RichmondVA,50,cfa,17619.920201620753,,4000,23275.0,0.18962647020816803,
Case4,RichmondVA,60,cfa,17619.920201620753,,4000,23275.0,0.18962647020816803,
Case4,RichmondVA,70,cfa,17619.920201620753,,4000,23275.0,0.18962647020816803,
Case4,RichmondVA,80,cfa,17619.920201620753,,4000,23275.0,0.18962647020816803,
Case4,RichmondVA,90,cfa,17619.920201620753,,4000,23275.0,0.18962647020816803,
Case4,RichmondVA,95,cfa,17619.920201620753,,4000,23275.0,0.18962647020816803,
Case4,Sacramento,50,csa,17878.67525181259,3.0,3000,33044.0,0.16480517387390137,
Case4,Sacramento,60,csa,17878.67525181259,3.0,3000,33044.0,0.16480517387390137,
Case4,Sacramento,70,csa,17878.67525181259,3.0,3000,33044.0,0.16480517387390137,
Case4,Sacramento,80,csa,17878.67525181259,3.0,3000,33044.0,0.16480517387390137,
Case4,Sacramento,90,csa,17878.67525181259,3.0,3000,33044.0,0.16480517387390137,
Case4,Sacramento,95,csa,17878.67525181259,3.0,3000,33044.0,0.16480517387390137,
Case4,SouthBendIN,50,dfa,16928.31492608442,6.0,3000,36152.0,0.1512635499238968,
Case4,SouthBendIN,60,dfa,16928.31492608442,6.0,3000,36152.0,0.1512635499238968,
Case4,SouthBendIN,70,dfa,16928.31492608442,6.0,3000,36152.0,0.1512635499238968,
Case4,SouthBendIN,80,dfa,16928.31492608442,6.0,3000,36152.0,0.1512635499238968,
Case4,SouthBendIN,90,dfa,16928.31492608442,6.0,3000,36152.0,0.1512635499238968,
Case4,SouthBendIN,95,dfa,16928.31492608442,6.0,3000,36152.0,0.1512635499238968,
Case4,Syracuse,50,dfb,32226.588138019422,6.0,3000,31696.0,0.17852355539798737,
Case4,Syracuse,60,dfb,32226.588138019422,6.0,3000,31696.0,0.17852355539798737,
Case4,Syracuse,70,dfb,32226.588138019422,6.0,3000,31696.0,0.17852355539798737,
Case4,Syracuse,80,dfb,32226.588138019422,6.0,3000,31696.0,0.17852355539798737,
Case4,Syracuse,90,dfb,32226.588138019422,6.0,3000,31696.0,0.17852355539798737,
Case4,Syracuse,95,dfb,32226.588138019422,6.0,3000,31696.0,0.17852355539798737,
Case4,TexasOil,50,bsh,12331.99875798587,7.0,2000.0,35767.0,0.1321396380662918,
Case4,TexasOil,60,bsh,12331.99875798587,7.0,2000.0,35767.0,0.1321396380662918,
Case4,TexasOil,70,bsh,12331.99875798587,7.0,2000.0,35767.0,0.1321396380662918,
Case4,TexasOil,80,bsh,12331.99875798587,7.0,2000.0,35767.0,0.1321396380662918,
Case4,TexasOil,90,bsh,12331.99875798587,7.0,2000.0,35767.0,0.1321396380662918,
Case4,TexasOil,95,bsh,12331.99875798587,7.0,2000.0,35767.0,0.1321396380662918,
Case4,UPMich,50,dfb,24484.569834766375,7.0,3000.0,34867.0,0.162385493516922,
Case4,UPMich,60,dfb,24484.569834766375,7.0,3000.0,34867.0,0.162385493516922,
Case4,UPMich,70,dfb,24484.569834766375,7.0,3000.0,34867.0,0.162385493516922,
Case4,UPMich,80,dfb,24484.569834766375,7.0,3000.0,34867.0,0.162385493516922,
Case4,UPMich,90,dfb,24484.569834766375,7.0,3000.0,34867.0,0.162385493516922,
Case4,UPMich,95,dfb,24484.569834766375,7.0,3000.0,34867.0,0.162385493516922,
Case4,VegasNV,50,bwh,12652.728562740122,5.0,3000.0,30691.0,0.15519441664218903,
Case4,VegasNV,60,bwh,12652.728562740122,5.0,3000.0,30691.0,0.15519441664218903,
Case4,VegasNV,70,bwh,12652.728562740122,5.0,3000.0,30691.0,0.15519441664218903,
Case4,VegasNV,80,bwh,12652.728562740122,5.0,3000.0,30691.0,0.15519441664218903,
Case4,VegasNV,90,bwh,12652.728562740122,5.0,3000.0,30691.0,0.15519441664218903,
Case4,VegasNV,95,bwh,12652.728562740122,5.0,3000.0,30691.0,0.15519441664218903,
Case4,WadenaMN,50,dfa,10442.319472632078,7.0,3000.0,26381.0,0.13868921995162964,
Case4,WadenaMN,60,dfa,10442.319472632078,7.0,3000.0,26381.0,0.13868921995162964,
Case4,WadenaMN,70,dfa,10442.319472632078,7.0,3000.0,26381.0,0.13868921995162964,
Case4,WadenaMN,80,dfa,10442.319472632078,7.0,3000.0,26381.0,0.13868921995162964,
Case4,WadenaMN,90,dfa,10442.319472632078,7.0,3000.0,26381.0,0.13868921995162964,
Case4,WadenaMN,95,dfa,10442.319472632078,7.0,3000.0,26381.0,0.13868921995162964,
Case4,YumaAZ,50,bwh,18946.59316675606,2.0,3000.0,34290.0,0.1595003604888916,
Case4,YumaAZ,60,bwh,18946.59316675606,2.0,3000.0,34290.0,0.1595003604888916,
Case4,YumaAZ,70,bwh,18946.59316675606,2.0,3000.0,34290.0,0.1595003604888916,
Case4,YumaAZ,80,bwh,18946.59316675606,2.0,3000.0,34290.0,0.1595003604888916,
Case4,YumaAZ,90,bwh,18946.59316675606,2.0,3000.0,34290.0,0.1595003604888916,
Case4,YumaAZ,95,bwh,18946.59316675606,2.0,3000.0,34290.0,0.1595003604888916,
